duration_days,elapsed_days,total_tasks,done_tasks,blocked_tasks,high_complexity_open,unassigned_open,total_points,done_points,team_size,historical_velocity,delayed
7,5.9,17,8,2,2,1,34,16.0,6,4.72,1
14,10.9,25,17,1,4,2,76,51.2,8,6.21,1
14,6.0,7,2,0,1,0,21,6.4,2,,1
7,2.5,10,2,2,3,0,31,6.3,7,,1
14,4.6,21,12,0,1,0,63,35.0,7,5.19,0
14,5.5,7,4,0,0,0,20,11.0,3,,0
14,3.9,4,1,0,0,0,8,2.7,1,,0
14,12.6,12,11,0,0,0,37,32.5,3,,1
14,4.8,16,6,2,3,0,47,16.2,4,,1
7,4.8,21,13,0,0,0,64,39.7,8,7.83,0
14,10.1,17,11,0,0,0,51,33.5,7,4.13,0
14,11.1,5,4,0,0,0,23,18.9,3,1.86,1
14,1.4,8,1,1,3,0,23,1.5,2,1.49,1
21,18.5,46,31,5,0,4,91,61.2,3,4.33,1
14,6.1,8,3,0,1,1,38,13.1,4,2.34,1
10,3.6,5,1,2,1,0,26,6.9,2,2.0,1
14,9.2,4,3,0,0,1,18,13.6,3,1.44,0
14,12.7,29,29,0,0,0,88,88,7,7.15,0
21,16.8,5,5,0,0,0,26,26,2,,0
21,9.3,9,4,0,0,1,45,19.4,4,2.87,0
21,18.8,4,4,0,0,0,13,13,1,0.8,0
7,5.4,9,4,1,0,1,47,18.8,8,6.49,1
14,8.1,12,7,0,1,0,24,13.5,3,,1
14,1.6,36,5,2,13,6,72,9.6,8,,0
7,3.6,5,3,0,0,1,14,8.7,6,4.57,0
7,0.2,2,0,0,0,1,11,0.2,2,,1
10,1.8,1,0,0,0,1,4,0.5,1,0.4,1
10,2.4,3,1,1,0,0,13,2.4,3,,1
14,12.3,17,17,0,0,0,34,34,7,3.52,0
14,10.6,36,18,0,6,2,109,53.5,7,7.29,1
14,6.9,3,1,0,2,0,6,2.8,2,,0
7,0.1,7,0,0,4,2,14,0.2,2,1.93,1
7,5.2,2,2,0,0,0,5,4.4,2,,0
14,12.2,6,4,0,0,0,13,9.3,2,0.84,1
14,5.3,7,2,0,0,0,33,10.7,3,1.94,1
10,6.9,9,6,0,2,0,46,32.6,6,,1
14,5.8,23,6,8,8,5,46,12.8,5,,1
14,1.9,23,2,3,3,4,70,7.5,7,4.17,1
14,0.2,1,0,0,1,1,6,0.2,1,0.74,0
14,4.0,9,4,1,1,0,27,11.1,2,,0
7,3.8,8,2,1,1,2,40,11.2,8,,1
7,5.5,13,5,2,2,0,38,14.1,4,4.46,1
14,4.4,14,3,1,1,1,28,6.0,3,1.43,1
21,2.1,42,6,1,10,2,127,17.7,7,,0
14,6.4,7,5,0,2,1,35,25.3,4,,0
14,1.0,27,1,5,0,2,80,3.2,6,,0
21,1.8,3,0,0,0,1,17,1.9,2,1.31,0
10,9.1,7,7,0,0,0,36,33.9,8,3.23,0
14,8.8,6,2,1,1,1,18,6.6,2,,1
14,6.7,27,16,0,0,1,134,80.8,8,11.88,0
14,4.7,10,4,1,2,1,52,19.4,5,4.14,0
21,11.3,20,11,0,4,2,101,56.2,5,3.72,0
14,9.2,3,3,0,0,0,14,13.0,2,,0
21,13.9,18,12,0,1,1,54,35.3,3,1.91,1
21,0.7,48,2,0,17,0,95,3.1,8,4.07,0
21,11.8,31,11,5,6,7,62,21.8,5,2.68,1
14,8.0,17,10,3,1,0,52,31.5,7,5.52,0
21,0.7,30,1,6,0,1,60,2.6,5,,1
10,6.6,4,3,0,0,0,12,9.5,2,1.51,0
10,6.4,2,1,0,0,0,9,5.4,3,1.14,1
14,7.5,2,1,1,0,0,6,3.2,1,0.38,1
14,1.2,10,1,0,3,2,29,3.0,3,2.32,0
21,15.0,43,33,0,1,7,217,166.1,8,11.93,1
21,18.0,64,41,6,9,0,192,123.8,7,,1
10,2.0,10,3,0,7,0,51,13.7,6,,0
10,3.1,2,1,0,0,0,11,4.6,4,,0
10,4.6,2,1,0,0,0,7,3.5,3,0.87,0
10,4.8,14,5,0,1,2,27,9.4,4,2.41,1
7,4.8,5,4,0,0,1,14,11.0,5,2.23,0
7,0.9,2,0,0,0,0,3,0.6,2,0.65,0
7,5.8,26,17,0,4,0,78,52.0,8,8.82,1
7,0.1,6,0,1,0,1,19,0.2,8,2.08,1
14,0.5,11,1,1,2,1,22,1.5,5,2.78,0
14,10.8,5,5,0,0,0,24,22.2,2,3.28,0
14,2.9,16,4,3,3,3,47,10.7,4,3.1,1
21,18.1,35,27,1,4,0,104,81.0,5,,1
14,2.0,31,3,9,0,0,92,8.3,8,6.22,1
14,6.3,5,2,0,1,1,16,6.6,2,1.31,1
14,1.7,14,2,2,2,2,42,6.3,6,5.28,0
14,11.1,22,22,0,0,0,66,65.6,7,4.12,0
21,16.9,29,18,0,3,1,87,54.3,8,4.59,1
21,3.0,3,1,0,1,0,14,3.3,2,1.23,0
10,0.1,10,0,0,0,1,31,0.3,6,3.51,0
7,1.0,1,0,0,0,0,7,1.5,2,1.75,0
14,2.3,14,2,0,1,4,27,3.7,5,3.72,0
21,8.6,40,16,2,1,1,121,49.2,8,5.96,1
14,0.7,15,1,0,6,0,46,1.9,6,2.48,1
14,10.5,17,10,2,2,0,52,30.8,2,4.07,1
7,5.3,6,4,0,0,0,19,11.8,2,2.38,0
7,5.8,11,10,0,0,0,53,47.5,8,6.73,0
14,1.0,9,1,0,2,1,43,4.0,6,3.86,0
7,1.6,7,1,0,3,0,20,3.0,6,4.07,1
7,3.5,3,2,0,0,1,13,6.9,3,,0
14,2.3,18,2,2,8,3,35,4.4,3,1.72,1
7,1.3,8,1,0,1,0,24,4.2,8,4.5,0
21,15.0,22,15,1,0,1,45,31.3,7,3.5,0
21,6.1,22,13,1,2,4,67,39.0,8,5.08,0
14,0.2,23,0,1,9,1,70,0.7,5,,1
14,1.6,10,1,3,4,2,31,2.9,2,1.74,1
14,11.8,12,8,0,2,0,59,37.8,6,3.78,1
10,4.4,16,11,0,1,1,32,22.3,5,,0
14,3.7,48,8,4,14,16,97,17.0,6,,1
14,0.3,19,0,1,6,3,56,0.7,6,,1
7,5.6,4,3,1,0,0,12,8.4,2,2.63,1
10,2.1,9,2,0,0,0,26,5.2,5,2.86,0
14,12.9,36,21,0,2,0,72,41.7,5,,1
10,1.6,1,0,0,0,1,4,1.2,1,,0
10,8.6,9,7,0,1,0,46,35.2,4,4.49,1
7,2.1,3,1,0,0,0,9,2.9,5,1.83,0
14,4.1,28,12,1,5,2,138,60.6,8,,0
7,5.0,2,1,0,0,0,10,7.1,2,,0
10,1.1,2,0,0,0,0,6,0.9,2,,0
14,1.3,18,1,0,3,3,35,2.3,2,2.82,1
14,10.4,44,24,1,5,0,88,48.4,7,5.62,1
21,0.7,5,0,3,3,2,14,0.6,2,1.37,1
21,8.6,18,6,2,3,3,92,31.0,5,,0
14,10.8,12,7,0,0,1,62,34.9,5,3.6,1
14,5.3,4,2,0,0,0,13,7.0,1,1.16,0
10,4.3,18,5,2,5,0,91,26.6,7,,1
10,3.7,9,4,1,3,0,28,11.0,5,,1
21,10.0,24,11,5,4,0,120,54.5,6,,0
14,9.2,10,5,0,0,0,31,16.5,5,2.59,0
21,3.6,17,2,0,2,5,87,10.5,8,3.06,1
14,8.4,26,24,1,0,0,51,47.0,8,4.09,0
10,8.9,20,14,1,0,0,40,27.4,4,4.32,1
14,2.7,38,6,1,4,4,77,11.2,8,5.23,1
21,19.3,17,12,1,3,2,34,23.8,3,1.65,1
14,9.0,29,21,1,0,3,58,41.8,3,5.44,0
7,0.7,12,1,2,4,2,23,2.3,7,,0
7,6.4,9,9,0,0,0,18,18,4,2.72,0
7,4.7,1,1,0,0,0,4,2.7,1,0.84,0
7,2.4,3,1,0,0,0,8,1.4,2,1.23,1
14,11.0,5,2,1,1,1,15,5.4,2,0.89,1
21,10.3,30,11,1,10,5,91,32.5,5,,1
10,7.0,8,8,0,0,0,42,42,7,5.87,0
7,5.2,4,4,0,0,0,11,10.7,3,2.38,0
14,5.1,34,8,3,5,4,169,38.9,8,,1
21,4.4,5,2,1,0,0,27,8.3,2,1.27,1
14,11.3,3,2,0,0,0,8,5.1,1,,1
10,1.7,5,1,2,2,0,15,2.3,4,1.53,1
21,8.0,4,2,0,1,1,13,5.6,2,,1
14,10.0,23,13,0,4,0,68,38.4,7,,1
7,0.1,1,0,0,0,0,3,0.1,1,0.73,0
14,3.5,16,5,1,2,2,49,13.9,7,,1
7,0.7,1,0,1,1,0,3,0.2,1,0.45,1
14,4.8,5,2,1,1,1,14,6.9,4,,0
10,4.7,15,4,2,0,2,45,13.3,6,4.13,1
10,6.4,6,3,0,0,0,30,16.9,4,2.18,1
7,6.1,5,5,0,0,0,16,16,5,3.15,0
14,12.9,15,9,0,0,0,30,17.5,3,2.41,1
14,9.9,7,7,0,0,0,22,22,5,,0
7,4.4,8,7,0,0,0,23,19.0,8,4.26,0
10,5.9,17,17,0,0,0,50,50,8,,0
14,8.5,12,5,1,2,2,35,13.3,4,2.56,1
10,9.4,10,10,0,0,0,48,48,6,,0
10,5.8,7,7,0,0,0,20,20,4,3.51,0
10,0.7,40,2,15,9,1,120,7.1,8,9.39,1
14,5.4,5,2,0,0,3,27,8.6,4,1.65,1
10,9.1,11,9,0,2,0,34,26.4,5,,1
14,8.6,22,11,0,0,0,66,33.1,6,,0
14,10.4,12,5,0,3,2,59,25.9,7,2.98,1
10,3.0,4,1,1,2,1,11,3.0,4,,1
10,6.0,4,3,0,0,0,20,15.1,4,4.34,0
14,9.0,4,4,0,0,0,20,20,4,3.17,0
14,9.1,8,8,0,0,0,39,39,7,4.67,0
7,0.6,4,0,0,0,0,19,1.2,5,2.25,0
7,1.2,3,1,0,0,0,6,1.9,3,1.51,0
7,3.7,7,3,2,1,0,20,8.6,2,,1
14,6.3,9,7,0,0,0,28,21.3,6,4.41,0
7,1.6,9,4,1,0,0,18,7.5,8,4.9,0
14,7.2,2,1,0,0,1,6,3.8,1,0.48,1
14,0.5,44,1,2,1,29,89,2.4,7,7.79,1
10,8.7,17,8,5,5,0,52,24.7,7,4.43,1
10,1.0,4,0,0,0,1,13,0.9,3,0.93,0
21,5.1,26,9,0,6,2,79,26.8,7,,0
14,6.5,8,4,1,0,1,24,11.2,3,,1
14,8.9,1,1,0,0,0,6,4.3,1,0.47,0
21,0.8,10,0,1,0,1,30,1.3,3,2.01,0
21,7.4,50,10,1,4,5,100,19.3,6,3.29,1
7,0.1,11,0,0,0,0,22,0.3,3,3.82,1
10,9.2,12,6,0,0,1,23,10.7,4,2.52,1
10,5.5,8,3,1,1,1,42,17.3,4,3.33,1
21,1.9,5,1,0,0,1,25,2.8,4,2.41,0
21,10.9,14,9,4,2,1,42,26.4,6,3.25,1
7,1.3,3,1,0,0,0,8,1.8,3,,0
10,8.6,7,7,0,0,0,22,22,5,,0
10,4.8,16,8,0,3,1,48,24.0,8,5.47,0
21,12.5,23,12,0,2,1,68,34.1,6,3.75,0
14,9.9,19,11,0,0,0,57,31.9,6,3.09,1
14,4.9,19,5,1,0,1,56,15.9,6,,0
14,8.9,6,4,0,1,0,31,20.9,3,,1
7,4.7,11,10,1,0,0,33,29.3,8,8.87,0
10,0.3,6,0,0,2,0,11,0.4,2,1.02,1
14,3.5,30,7,0,5,0,91,22.3,8,7.18,1
14,7.7,9,5,1,0,1,26,14.8,3,3.06,0
10,8.1,7,7,0,0,0,20,20,2,3.08,0
21,7.0,6,2,2,1,0,32,10.3,3,2.36,0
10,7.2,39,24,0,0,2,117,70.9,8,9.61,0
14,9.4,8,8,0,0,0,25,23.5,4,2.65,0
7,5.6,2,2,0,0,0,9,8.9,5,2.07,0
14,4.5,25,8,3,6,11,74,22.4,5,6.85,1
10,4.9,1,0,0,1,0,6,1.6,1,0.54,1
14,6.3,15,8,0,5,0,76,39.2,5,4.97,1
14,8.9,17,16,0,0,0,50,47.6,8,6.13,0
10,6.4,10,7,0,0,0,30,21.8,3,3.26,0
14,1.4,3,0,0,0,0,9,1.0,2,0.66,0
7,1.8,1,0,0,1,0,3,0.6,1,0.42,1
10,1.1,13,1,7,3,4,40,3.9,7,,1
21,0.1,20,0,1,10,2,100,0.4,7,,1
7,0.3,4,0,0,0,2,19,0.8,5,4.33,1
7,4.2,8,7,0,1,0,25,23.0,7,5.78,0
14,4.0,20,10,0,0,1,39,20.2,7,,0
14,2.3,32,3,2,2,6,97,9.1,5,,1
7,2.6,5,2,0,0,3,10,4.2,2,2.47,0
21,12.2,4,2,0,1,0,20,8.2,2,0.96,1
10,3.3,17,3,4,4,0,50,9.8,8,4.9,1
10,0.1,3,0,0,0,0,17,0.2,4,1.59,1
14,4.7,4,1,2,2,0,12,4.3,2,0.9,1
10,3.9,7,2,0,0,1,14,4.6,3,1.11,1
14,8.2,11,10,1,1,0,34,32.0,8,4.23,0
14,9.2,15,10,0,0,1,44,28.5,7,3.43,0
14,1.6,2,0,0,2,1,10,0.9,1,0.81,1
21,19.8,26,25,0,1,0,53,50.4,4,3.55,0
7,2.8,5,2,0,0,0,15,6.5,3,,0
21,0.6,14,0,0,2,2,72,1.8,6,,1
21,7.9,18,8,2,2,1,55,23.5,4,3.23,0
21,15.3,10,10,0,0,0,21,21,3,1.67,0
14,7.0,15,7,2,0,0,46,20.7,6,5.36,1
7,4.2,2,1,0,0,1,4,2.2,1,0.62,1
10,3.2,3,2,0,0,0,9,4.5,2,1.54,0
7,3.0,10,2,0,2,3,30,7.4,5,5.17,1
14,3.1,7,1,2,1,1,22,3.9,3,2.24,1
7,3.5,1,0,0,1,0,6,2.7,2,,0
14,0.0,22,0,10,3,5,66,0.0,7,5.55,1
10,9.5,11,4,2,2,3,32,12.3,7,3.53,1
10,4.0,8,2,0,0,0,41,12.8,6,3.36,1
10,2.8,6,2,1,1,0,18,7.1,3,,0
14,6.6,3,1,0,1,0,16,7.0,3,1.06,1
7,3.7,4,3,0,1,0,7,5.7,5,1.76,0
7,2.7,7,3,0,2,0,21,7.9,8,2.84,1
7,4.9,3,2,0,1,0,14,8.7,6,3.11,0
21,7.6,18,6,4,0,3,89,27.6,7,,1
10,3.1,9,3,2,3,0,28,8.0,5,3.1,1
14,11.0,33,21,0,0,4,66,41.2,6,,1
7,4.9,6,6,0,0,0,32,32,6,,0
14,13.1,11,11,0,0,0,33,33,8,4.17,0
21,2.9,15,1,1,2,0,46,3.8,5,2.59,0
14,8.5,22,10,0,1,4,45,20.6,5,3.33,1
14,8.2,3,2,0,0,0,9,6.3,1,0.66,0
10,6.2,2,1,0,0,0,3,1.9,1,,0
21,13.3,6,6,0,0,0,19,19,2,1.57,0
7,5.3,5,3,1,0,1,14,8.7,5,2.35,1
14,3.0,29,5,3,0,0,87,15.8,8,7.33,1
7,5.1,10,10,0,0,0,19,19,3,3.9,0
21,18.5,27,20,0,2,1,81,58.7,4,3.65,1
21,1.9,20,2,4,0,4,39,3.1,2,1.3,1
14,0.3,9,0,1,4,2,47,0.7,6,,1
10,0.2,9,0,0,2,2,26,0.4,2,2.41,1
14,2.6,20,3,3,1,0,40,6.2,8,3.04,0
10,3.3,11,3,0,1,0,55,14.8,4,,1
14,6.9,5,3,1,1,0,27,13.9,4,,1
14,12.6,11,11,0,0,0,33,33,4,3.3,0
14,6.6,24,9,0,4,2,71,27.7,6,5.12,1
14,10.9,10,5,0,0,4,30,15.6,3,,1
7,4.8,3,1,0,1,0,9,3.0,3,0.89,1
14,12.3,8,6,0,2,0,38,30.0,2,,1
7,0.7,2,0,0,0,1,3,0.4,1,0.73,0
14,4.4,14,3,0,4,2,41,9.0,5,3.0,1
14,2.9,24,11,1,0,7,48,21.8,6,6.62,0
14,1.5,31,4,0,9,1,62,7.6,8,6.58,1
14,6.4,13,5,1,2,1,38,13.3,5,2.08,1
14,0.6,3,0,0,1,1,14,0.6,1,0.9,0
14,6.8,2,1,0,1,1,6,3.8,1,,1
7,2.0,6,2,0,1,0,18,4.7,7,2.93,0
10,2.5,4,1,1,1,0,7,1.0,1,0.73,0
10,1.2,14,1,4,2,8,41,3.7,4,4.91,0
14,0.1,18,0,0,2,1,37,0.2,4,,1
10,5.7,6,2,0,2,2,18,7.3,4,2.08,1
7,4.8,6,3,0,3,0,19,8.0,3,2.66,1
21,1.1,51,2,0,26,5,102,4.5,7,3.4,1
14,11.6,6,6,0,0,0,11,10.1,2,1.37,0
14,5.0,13,2,0,1,1,65,12.3,8,4.05,1
21,14.7,6,3,0,0,0,17,8.7,2,,1
7,0.2,2,0,0,0,0,5,0.1,2,,1
7,2.7,8,5,1,0,0,15,8.8,3,2.34,0
10,2.3,6,2,0,1,0,28,7.3,8,,0
7,3.1,6,3,2,1,1,31,16.0,5,5.68,1
7,3.3,1,1,0,0,0,3,1.6,1,0.81,0
10,4.1,26,7,0,10,0,52,14.9,5,,1
21,1.4,2,0,0,1,0,10,0.5,1,0.44,0
7,5.2,1,1,0,0,0,4,4,1,,0
14,10.0,2,2,0,0,0,8,6.3,1,1.09,0
14,10.8,7,7,0,0,0,21,21,4,3.19,0
21,0.1,71,0,12,9,18,212,0.8,7,7.82,1
14,1.6,40,4,3,6,7,81,8.2,8,,1
21,18.6,37,27,1,0,0,111,80.0,5,6.42,1
7,2.8,2,1,0,0,0,6,3.1,5,1.15,0
14,5.1,12,4,0,4,2,25,7.7,3,1.76,1
7,5.3,8,8,0,0,0,17,17,7,,0
7,4.8,6,6,0,0,0,18,18,8,4.08,0
21,11.5,40,33,2,0,0,81,66.0,5,7.54,0
7,5.6,6,5,0,0,0,19,15.2,7,2.82,0
14,2.2,2,1,0,0,0,12,3.5,2,1.17,0
21,4.1,15,4,0,2,0,73,19.8,6,,0
14,12.5,8,6,0,0,0,42,32.4,4,3.16,1
7,2.2,8,2,0,0,0,40,9.9,7,8.5,0
7,4.3,8,8,0,0,0,24,24,7,,0
21,0.1,24,0,3,3,4,49,0.3,5,4.12,0
14,4.8,7,2,0,1,0,21,5.9,2,,0
10,6.5,1,0,0,0,0,3,1.5,1,0.31,1
7,1.1,14,2,3,3,1,43,6.5,7,6.17,1
14,0.5,60,2,7,24,1,119,4.6,6,9.11,0
14,7.5,4,1,1,0,0,12,4.1,1,0.82,1
10,5.6,5,4,0,0,1,14,10.0,5,,0
14,0.8,4,0,0,1,0,13,0.6,2,0.9,0
10,1.4,12,1,1,2,1,36,2.4,5,2.81,1
14,7.3,16,8,0,3,3,48,24.0,6,5.23,1
14,3.7,4,1,0,0,0,7,1.9,1,,0
10,9.3,10,9,0,0,0,52,49.3,6,6.42,0
10,5.9,1,1,0,0,0,4,3.1,1,0.65,0
14,10.5,76,33,1,25,5,153,65.9,7,,1
14,2.8,14,3,1,5,0,27,6.2,3,,0
10,6.8,6,6,0,0,0,11,11,1,1.11,0
21,3.0,4,1,0,0,0,20,4.2,4,1.59,0
21,16.8,3,2,0,1,0,10,6.1,1,,1
21,7.4,51,15,13,13,5,102,29.7,8,6.91,1
14,11.5,17,11,0,1,0,86,55.6,8,5.7,1
21,10.2,2,1,0,0,0,9,3.4,1,,0
14,10.0,1,1,0,0,0,3,3,1,,0
14,1.2,34,3,1,3,11,102,9.6,8,,1
7,6.6,5,5,0,0,0,16,16,3,2.63,0
7,1.5,17,2,2,9,0,52,6.8,7,6.96,1
21,1.7,22,3,0,3,0,66,10.1,3,5.52,0
14,0.6,13,1,0,6,1,40,2.9,5,5.2,0
7,2.0,6,3,1,0,0,17,7.8,8,4.18,0
14,7.8,7,6,0,1,0,21,18.4,4,3.05,0
7,0.9,16,2,2,1,1,47,4.7,7,,1
7,6.2,5,4,0,0,0,26,20.1,6,3.4,1
14,13.0,5,5,0,0,0,10,10,1,,0
7,2.5,3,1,0,0,0,14,4.8,2,1.51,1
21,9.2,10,5,0,1,0,48,23.8,5,,0
14,13.0,1,1,0,0,0,4,4.0,1,0.38,0
10,2.5,4,2,0,0,0,13,6.8,4,1.98,0
21,11.7,7,7,0,0,0,22,21.9,2,1.84,0
10,7.9,8,7,0,0,0,15,13.9,6,2.22,0
14,1.7,13,2,0,3,3,67,8.9,5,6.19,1
10,8.2,8,8,0,0,0,16,16.0,3,,0
21,3.5,80,12,33,2,30,159,23.0,7,9.42,1
7,5.2,2,2,0,0,0,9,8.8,2,1.75,0
21,17.8,6,6,0,0,0,28,28,3,2.41,0
21,16.5,27,13,5,5,11,81,38.1,6,2.79,1
21,10.5,12,8,1,1,0,37,25.9,3,,0
21,1.2,25,1,6,2,9,75,4.4,4,3.03,1
7,4.6,15,8,0,0,2,46,25.4,6,5.78,0
10,8.8,20,16,0,0,0,39,31.8,8,,1
21,2.1,30,3,0,2,1,90,9.0,8,6.56,0
10,7.9,18,9,1,0,0,55,28.1,5,,1
21,10.3,8,6,0,0,0,40,29.6,3,2.79,0
14,3.7,12,2,1,2,0,24,4.5,3,1.46,1
10,8.9,8,4,1,0,0,17,8.5,3,1.83,1
10,8.0,20,11,4,1,0,40,21.4,7,4.54,1
14,4.9,11,2,1,4,1,22,5.0,3,1.43,1
21,11.8,15,8,2,0,1,73,37.7,7,4.57,1
14,6.6,12,4,1,4,1,24,7.1,3,1.6,1
14,1.3,3,0,1,1,0,9,1.3,1,0.73,1
10,6.0,23,9,2,1,2,69,27.5,8,5.25,1
10,1.3,11,1,2,0,1,33,3.5,3,4.02,1
14,12.3,5,5,0,0,0,14,14,2,,0
14,1.3,10,1,0,4,0,29,3.1,8,2.38,0
7,3.6,12,4,2,2,1,23,7.4,4,,1
7,0.8,2,0,0,0,0,7,0.6,2,,1
21,16.6,16,16,0,0,0,31,30.4,4,2.47,0
14,1.7,4,0,0,1,4,11,1.1,1,0.82,1
14,8.2,54,41,0,3,2,163,122.5,8,14.99,0
21,12.2,10,5,0,1,2,49,26.7,4,2.29,1
7,2.6,18,5,5,3,0,53,14.8,8,8.12,0
14,12.6,8,8,0,0,0,17,16.1,2,,0
14,6.5,4,2,0,0,0,21,10.8,4,,0
21,15.6,1,1,0,0,0,7,6.3,1,0.5,0
10,6.7,6,4,0,0,0,11,6.6,2,0.99,1
14,6.7,18,14,0,3,1,54,42.3,8,6.54,0
7,2.1,12,4,3,2,1,24,8.7,8,5.77,0
14,2.3,11,2,1,1,0,22,3.0,3,1.43,1
10,8.1,6,6,0,0,0,13,13,2,2.04,0
10,0.9,2,0,0,2,0,3,0.2,1,,1
14,6.1,20,7,3,0,3,59,20.2,5,,1
7,4.3,2,1,1,1,0,7,4.4,2,,1
14,1.1,4,0,0,1,0,12,0.9,1,0.89,1
14,4.9,24,11,4,0,2,47,21.0,7,5.21,1
21,14.1,40,13,0,3,19,81,26.4,8,3.6,1
14,2.6,8,2,0,2,1,24,5.5,3,,0
10,7.5,13,11,0,0,1,39,33.0,5,4.96,0
7,1.7,6,2,0,0,3,12,3.6,5,,0
14,9.0,14,12,0,0,0,42,34.9,6,3.71,0
7,4.3,5,4,0,0,0,14,11.0,5,3.6,0
7,2.3,14,4,1,2,1,42,12.7,8,8.75,0
21,1.7,10,1,0,3,0,49,3.2,4,1.93,1
14,12.7,13,10,0,2,0,39,30.5,5,2.45,1
7,0.5,3,0,0,0,0,17,1.4,4,,1
14,1.4,8,1,0,0,0,39,5.0,4,4.63,0
21,13.9,10,8,0,0,0,21,16.0,2,1.77,0
21,6.7,15,3,4,6,0,45,9.2,6,1.97,1
7,4.6,8,4,2,1,0,23,12.5,7,4.6,1
14,11.6,14,13,0,0,1,69,63.9,8,7.68,0
14,12.5,6,6,0,0,0,12,12,1,1.03,0
14,8.1,3,2,0,1,0,6,4.5,1,,0
10,3.2,2,1,1,0,0,11,4.2,4,1.49,1
21,6.7,21,4,0,6,2,62,13.1,5,2.49,1
10,2.1,4,1,0,3,0,18,4.0,3,2.36,1
10,2.4,6,2,3,1,0,18,4.8,3,2.21,1
7,0.0,3,0,0,0,0,8,0.0,2,1.03,1
7,0.9,8,1,0,2,0,24,2.9,3,3.41,1
14,6.2,6,4,0,1,1,12,8.1,2,,0
10,0.9,10,1,3,3,0,19,1.4,5,2.91,0
21,13.0,34,34,0,0,0,67,67,6,5.72,0
21,9.8,11,4,0,0,5,57,20.8,3,2.12,1
14,6.9,4,2,1,0,0,18,10.2,2,1.58,1
21,1.7,14,1,0,2,1,42,3.8,5,3.88,0
14,2.4,2,0,1,0,0,10,1.8,2,1.15,1
7,2.3,10,2,0,1,0,21,4.9,4,2.85,1
14,0.4,22,1,10,2,0,43,1.7,8,,0
21,2.7,13,2,0,0,1,65,10.9,5,4.31,0
21,7.1,14,4,1,1,2,68,20.0,7,5.06,0
14,9.4,13,7,0,2,0,39,20.6,2,2.46,1
10,8.2,17,12,0,1,2,34,24.6,7,3.72,1
10,1.0,10,1,0,1,1,49,5.8,5,,1
14,7.8,17,11,1,0,0,34,22.5,6,2.25,1
10,4.2,12,5,2,2,0,60,26.4,7,,0
7,4.1,5,2,0,0,1,25,11.6,6,4.01,1
14,4.7,8,3,1,2,1,39,17.0,5,,0
14,5.0,19,6,1,3,1,97,33.1,7,6.52,1
21,5.7,83,18,3,8,4,249,53.6,8,13.32,1
21,6.2,5,2,0,2,1,14,6.0,1,1.18,0
10,6.3,12,6,0,2,1,35,18.7,6,2.6,1
10,8.5,15,11,1,0,0,44,31.3,6,3.24,1
14,9.5,14,6,1,0,0,43,18.1,3,2.29,1
10,7.8,2,2,0,0,0,6,4.8,1,0.62,0
7,0.6,8,1,0,0,0,15,1.3,3,,1
10,6.2,6,6,0,0,0,29,29,6,4.43,0
14,5.9,27,16,1,2,0,54,32.0,5,4.82,0
14,5.9,9,8,0,1,0,27,22.5,4,2.42,0
14,11.3,5,2,0,2,0,27,11.3,2,,1
7,3.4,1,1,0,0,0,3,3,1,0.79,0
7,3.4,7,2,0,0,0,21,7.5,4,,1
21,3.4,38,2,13,9,8,77,4.5,4,2.88,1
14,4.1,15,7,0,2,1,44,20.8,6,,0
14,7.3,5,3,1,0,0,24,14.0,2,2.21,1
7,4.1,2,1,0,1,0,3,2.0,1,,0
14,3.6,28,6,3,3,0,57,13.1,5,3.71,0
14,9.7,22,22,0,0,0,44,44,7,5.36,0
21,8.4,50,14,4,13,6,150,42.2,6,,1
21,9.4,10,4,1,0,0,29,10.2,2,1.51,1
21,2.2,45,4,1,14,9,134,13.2,6,7.94,1
14,13.2,12,12,0,0,0,36,36,8,3.94,0
21,9.6,65,22,10,5,28,196,66.2,8,,1
14,12.7,19,19,0,0,0,57,57,8,,0
14,2.9,11,2,3,2,3,55,8.4,6,3.5,1
21,2.5,12,1,2,1,2,61,5.4,7,2.92,1
7,2.3,3,1,0,0,1,14,3.0,5,2.1,1
21,17.2,26,13,2,2,1,77,38.5,5,3.56,1
7,6.4,18,13,1,1,0,36,26.7,7,5.25,1
14,7.0,17,7,0,2,0,50,20.6,8,4.98,1
14,5.2,22,14,1,1,0,43,27.1,6,,0
7,1.0,10,1,1,2,2,29,3.3,6,,1
10,1.9,18,7,0,1,3,36,14.6,6,,0
14,8.2,23,11,0,5,0,68,32.1,6,4.19,1
14,1.2,2,0,0,1,0,12,0.9,1,0.73,1
21,9.0,4,3,0,0,1,19,14.0,2,1.65,0
10,3.6,5,3,0,1,0,25,13.4,6,4.28,0
14,13.1,7,7,0,0,0,34,34,5,3.48,0
14,11.0,68,47,4,3,2,136,94.7,7,,1
10,0.7,13,1,1,9,4,65,3.4,8,7.84,1
7,4.7,2,1,0,0,1,10,4.7,3,1.45,1
21,10.7,8,2,0,4,0,16,4.7,1,,1
10,0.8,3,0,0,0,0,16,1.5,3,,0
21,7.5,10,4,0,0,4,20,8.1,1,1.2,0
10,3.2,14,4,0,0,4,69,19.5,8,,1
14,6.3,11,5,0,3,2,54,22.3,5,,0
14,10.7,1,1,0,0,0,6,5.3,1,0.48,0
10,2.5,5,1,1,2,1,14,2.1,2,,1
7,0.5,9,1,2,4,0,26,1.5,6,3.15,1
14,8.1,51,15,9,8,2,102,29.4,8,,1
14,0.8,3,0,0,0,0,6,0.3,1,,1
21,9.7,5,2,0,2,0,27,10.4,3,0.85,1
21,0.5,22,1,0,5,0,67,2.8,6,7.22,0
10,0.9,18,1,1,5,0,36,1.5,6,2.86,1
14,0.7,14,0,0,2,0,72,2.2,8,,1
7,0.0,5,0,0,2,1,16,0.0,5,,0
10,3.6,7,2,0,0,0,34,10.0,4,3.06,1
21,7.8,44,13,0,7,4,89,25.8,7,,1
14,10.0,26,15,6,2,0,79,45.5,7,4.67,1
7,4.7,8,3,2,2,1,38,13.4,8,,1
7,2.9,8,2,3,2,1,40,9.5,6,5.35,1
7,2.0,12,4,1,0,0,24,9.0,5,3.72,0
10,7.1,18,11,0,1,3,37,22.6,4,3.55,1
21,2.8,14,2,1,4,2,41,5.9,3,2.67,0
14,6.3,22,10,0,2,0,67,31.5,4,7.25,1
7,0.4,14,1,0,6,1,27,2.0,7,6.87,0
14,10.5,12,8,0,2,0,25,16.7,4,2.21,1
7,4.8,1,1,0,0,0,4,3.3,1,0.82,0
21,17.0,51,37,4,4,3,152,111.3,6,6.8,1
7,2.2,11,3,0,0,0,57,15.0,8,7.56,1
21,3.7,42,11,4,0,5,126,33.0,4,,0
14,11.1,5,3,0,0,1,15,8.9,2,1.14,1
10,3.0,11,4,0,1,0,34,12.6,6,4.27,0
7,4.0,1,0,0,0,0,3,1.1,1,,1
14,11.7,18,13,0,0,1,53,39.1,5,3.55,1
7,6.5,5,5,0,0,0,16,14.7,3,2.64,0
7,5.6,6,5,0,0,0,18,15.5,5,,0
10,3.0,12,2,1,2,2,23,4.0,3,1.67,1
14,8.1,19,9,3,2,1,56,27.8,6,4.36,1
10,5.3,10,6,0,0,1,29,18.6,5,2.89,0
14,2.1,10,2,0,2,0,30,5.1,3,2.49,0
10,2.8,19,4,0,3,2,38,8.6,5,3.07,1
21,3.0,19,2,2,3,3,95,10.0,6,,1
21,1.7,8,1,1,1,3,41,6.6,8,4.15,0
14,8.9,16,10,0,0,0,32,20.5,3,2.77,1
14,3.0,3,1,0,0,0,8,1.5,1,0.62,1
21,17.5,28,18,0,1,4,56,35.4,5,2.85,1
7,3.0,6,2,0,0,1,18,6.0,5,,1
10,4.8,2,1,0,1,0,8,2.5,1,0.64,1
14,4.7,7,2,1,2,0,14,4.8,2,,0
14,1.9,3,0,0,0,0,14,1.3,1,,1
7,5.4,4,4,0,0,0,13,13,7,2.88,0
7,2.5,13,7,0,3,0,38,21.2,7,8.39,0
14,3.9,5,2,0,0,1,14,4.5,3,,0
14,12.0,16,9,0,0,1,31,16.6,6,,1
21,14.8,29,28,0,0,0,147,141.9,8,7.48,0
10,7.7,10,7,0,1,0,30,22.4,4,3.26,1
10,7.5,16,10,0,1,0,31,20.3,4,,1
10,4.0,16,8,0,0,2,32,15.1,5,,0
14,0.7,24,1,5,4,1,72,1.8,3,,1
7,6.2,14,9,0,0,5,42,26.2,5,5.24,1
14,12.3,5,3,0,1,0,26,17.4,4,1.87,1
14,3.7,3,1,0,0,0,13,3.0,1,0.87,1
21,7.0,5,2,2,1,1,16,6.0,4,0.91,1
21,6.7,34,12,0,3,0,168,57.9,8,6.49,0
14,13.0,27,25,0,1,0,80,73.1,6,,1
14,9.8,8,8,0,0,0,23,23,7,2.77,0
14,3.4,7,3,0,0,1,21,8.5,3,2.2,0
10,9.0,5,5,0,0,0,14,14,5,2.97,0
21,2.6,22,2,4,4,4,45,4.8,4,2.17,1
14,4.4,6,2,0,0,2,19,5.3,2,1.72,1
7,4.9,3,3,0,0,0,13,13,3,,0
21,13.5,42,29,0,2,0,83,57.7,6,,0
14,5.3,8,5,0,0,1,23,13.7,6,3.56,0
10,7.3,6,4,0,0,0,17,11.3,2,1.29,1
14,10.8,7,7,0,0,0,14,14,3,1.38,0
21,0.6,26,1,0,2,5,129,4.1,6,5.64,1
14,2.3,4,1,0,0,0,11,3.1,3,1.33,0
14,10.8,8,6,1,0,0,25,19.5,3,,1
14,0.8,18,1,2,2,0,53,2.7,5,4.16,0
14,5.5,7,4,1,1,0,36,18.8,7,,0
7,1.6,4,1,1,1,0,7,1.1,1,1.07,1
14,0.2,56,1,0,3,3,113,1.5,7,,1
14,11.7,5,3,0,0,1,14,9.2,1,1.11,1
14,4.4,8,3,1,1,3,42,13.5,4,2.8,0
14,2.3,33,5,2,9,10,163,23.0,8,11.68,1
10,5.8,13,5,0,3,2,40,15.6,6,3.47,1
10,2.7,14,4,0,5,0,28,7.0,5,4.49,0
14,0.2,8,0,1,1,1,23,0.3,4,1.58,1
14,1.7,12,1,0,8,0,37,4.5,8,,0
7,1.8,11,4,0,2,0,22,8.9,7,,0
10,3.1,3,1,0,1,0,9,4.1,2,1.82,0
14,1.0,4,0,0,0,0,12,1.3,2,1.31,0
10,1.4,30,3,1,8,1,91,7.9,7,8.38,1
21,15.4,13,7,2,1,0,66,33.2,3,3.0,1
14,6.0,4,3,1,0,1,18,11.3,3,1.97,1
14,0.6,18,1,1,1,6,54,3.2,7,4.38,0
10,4.3,11,4,2,1,0,32,11.9,8,,1
10,0.2,10,0,0,4,0,29,0.7,4,3.16,1
7,0.7,22,2,0,6,1,66,6.0,8,9.7,1
14,1.8,2,0,0,0,0,5,1.0,1,0.65,0
14,1.6,19,1,2,7,5,57,4.4,4,3.43,1
14,8.8,12,4,2,1,1,23,7.8,3,1.44,1
7,2.6,9,5,0,0,1,18,9.5,3,3.83,0
7,3.8,10,8,0,0,1,52,40.1,8,10.06,0
7,4.9,3,2,0,1,0,9,5.2,4,,1
21,7.9,17,7,0,1,0,83,36.0,7,3.9,0
21,3.8,46,14,2,1,5,93,28.1,5,6.99,0
14,0.0,20,0,7,2,5,60,0.0,5,3.75,1
14,0.2,6,0,1,1,0,12,0.3,2,1.75,0
14,13.2,8,8,0,0,0,24,24,8,3.83,0
14,4.5,10,2,4,0,0,48,10.3,4,3.17,1
7,3.5,1,1,0,0,0,3,2.6,1,1.1,0
7,2.9,15,6,2,2,1,45,16.8,7,,0
14,4.3,5,1,0,2,1,10,2.9,1,0.96,1
21,0.5,3,0,0,1,0,17,0.4,1,0.72,1
14,0.5,35,1,14,5,8,106,3.6,8,9.91,1
7,2.7,10,3,1,0,0,29,8.5,8,,1
10,2.9,7,1,0,1,3,37,7.9,7,3.71,1
14,9.3,25,20,0,0,3,74,58.0,7,5.68,0
14,4.7,10,4,0,0,1,52,18.3,5,5.12,0
7,4.9,12,7,0,0,0,37,21.1,7,5.36,1
10,1.6,10,2,2,0,2,31,5.3,8,3.72,1
10,4.5,6,2,0,1,1,19,7.6,2,,1
14,12.9,21,21,0,0,0,63,63,6,7.66,0
14,10.6,11,7,0,0,1,32,20.7,4,1.97,1
10,5.0,8,5,0,0,1,17,10.1,6,2.75,0
21,5.1,46,10,1,15,4,92,19.1,6,,1
14,10.4,20,12,1,1,2,59,35.1,5,4.04,1
10,6.7,15,10,0,0,2,76,51.0,8,12.64,0
14,6.8,18,4,3,9,1,35,8.1,3,1.85,1
7,1.9,7,3,0,2,1,22,9.3,7,3.94,0
7,2.3,4,3,0,0,0,7,5.5,2,1.57,0
10,8.3,9,9,0,0,0,43,43,6,,0
21,10.7,4,3,0,0,0,20,13.8,2,,0
21,17.6,45,17,2,1,2,135,51.2,8,5.96,1
14,2.5,26,3,9,0,7,53,6.4,4,4.39,1
14,2.5,17,2,2,2,1,52,5.6,7,2.74,1
14,11.8,42,42,0,0,0,85,85,6,7.2,0
14,13.1,4,4,0,0,0,19,17.1,3,1.47,1
14,6.5,14,9,0,0,0,28,17.7,3,,0
10,3.8,22,3,6,2,5,45,6.6,7,3.83,1
7,0.7,3,0,0,0,1,6,0.7,2,1.2,0
14,0.2,4,0,0,3,0,12,0.1,1,0.78,1
14,10.8,3,1,0,0,0,17,7.7,1,,1
14,1.5,13,1,1,0,0,39,3.3,3,2.44,0
10,5.4,23,16,0,0,0,70,49.1,6,,0
14,7.0,4,2,0,2,1,11,5.4,2,1.01,1
21,2.6,16,1,1,10,0,33,2.6,2,1.82,1
14,4.4,8,2,1,0,2,25,7.3,4,2.31,1
10,3.8,11,3,0,2,4,34,10.7,4,,1
14,9.0,5,2,0,0,0,26,12.9,1,1.72,1
7,0.8,10,1,2,1,4,19,1.6,6,,0
7,4.3,8,6,0,0,0,16,11.7,6,,0
10,6.6,36,32,0,0,0,72,64.3,6,5.73,0
14,1.4,23,4,4,2,4,46,7.7,8,4.6,0
14,2.0,19,2,2,5,2,57,6.7,7,,1
21,10.0,18,6,2,4,4,54,19.4,4,2.52,1
14,11.8,10,10,0,0,0,30,30,6,,0
7,3.9,10,7,0,1,0,21,15.0,5,,0
7,1.0,12,2,1,3,0,24,3.5,7,3.4,0
14,10.2,3,2,0,0,0,14,9.3,1,1.03,1
7,2.0,7,2,0,0,0,21,6.6,4,,0
7,3.8,8,3,0,0,1,41,15.8,8,6.29,1
14,3.2,7,1,0,3,1,33,6.9,6,,0
14,13.1,24,19,1,1,0,71,54.8,6,4.41,1
21,16.1,5,3,0,0,0,24,16.3,2,0.86,0
14,3.9,8,2,0,2,0,16,4.4,1,1.25,0
7,5.4,12,6,2,0,0,24,12.2,6,2.91,1
14,1.9,12,1,0,5,2,62,6.6,6,3.96,1
14,5.1,12,6,0,2,0,25,12.8,3,1.62,0
14,3.0,15,2,0,4,0,45,7.1,6,2.78,0
14,0.1,3,0,0,0,0,9,0.1,1,0.56,0
10,5.0,10,4,1,1,1,49,17.6,5,5.75,0
7,0.6,16,1,1,1,5,32,2.9,8,6.05,0
14,3.0,12,3,1,2,0,24,6.0,3,1.89,0
14,4.9,72,19,19,8,11,143,38.6,7,7.48,1
7,0.8,5,1,1,0,3,14,1.6,5,2.66,0
10,0.3,7,0,0,1,1,22,1.3,4,,0
14,12.7,4,3,0,0,1,11,7.3,1,,1
14,12.4,16,16,0,0,0,33,33,5,3.16,0
21,5.9,12,2,0,1,1,36,7.1,2,1.29,1
7,3.0,9,5,0,0,0,27,14.9,7,4.0,0
7,6.3,5,3,1,0,1,25,13.9,5,,1
21,1.8,4,0,0,3,1,22,2.3,3,1.67,0
14,1.8,8,1,0,0,1,24,2.2,3,,0
14,4.1,25,5,0,4,1,50,10.7,6,,1
14,4.0,41,11,5,9,6,123,33.4,5,8.14,1
21,0.9,3,0,1,1,1,14,0.5,1,0.59,1
7,2.4,23,12,0,4,9,46,24.1,8,,0
14,10.0,24,16,4,2,3,47,30.8,6,3.27,1
14,12.2,4,3,0,1,0,18,14.9,2,1.38,1
10,8.7,3,2,0,0,0,9,5.8,2,0.92,1
10,2.0,20,4,0,4,0,61,12.5,7,10.58,1
14,3.5,16,4,0,6,3,31,7.2,4,2.68,0
21,14.2,51,21,8,4,12,153,64.2,7,5.59,1
21,15.5,9,7,0,1,0,44,32.4,3,2.46,0
14,4.0,57,11,4,5,4,170,32.5,8,9.34,1
21,14.3,22,14,2,1,0,65,42.4,6,,0
14,8.6,9,7,0,0,0,28,22.1,3,2.59,0
14,6.4,7,3,0,0,0,20,9.8,2,1.3,0
21,0.5,17,0,0,1,3,51,1.5,7,3.91,0
10,8.1,9,5,0,0,0,43,23.6,8,3.81,1
21,11.9,14,8,1,2,1,42,25.1,3,1.73,1
14,9.2,30,16,0,1,3,59,31.7,5,5.12,1
21,8.9,21,13,4,3,0,62,39.3,6,5.42,0
7,5.4,9,9,0,0,0,26,26,5,3.46,0
21,10.1,85,23,1,18,3,256,70.3,6,10.38,1
14,8.8,17,16,0,0,0,51,49.2,7,,0
14,11.1,5,5,0,0,0,16,15.4,2,1.59,0
21,16.2,32,19,3,2,0,159,96.3,8,6.18,1
14,8.5,12,12,0,0,0,24,24,4,3.41,0
7,1.5,4,2,2,1,0,9,3.5,8,1.8,1
10,6.0,5,5,0,0,0,14,13.9,4,3.11,0
21,16.4,17,14,1,2,0,34,27.9,4,2.12,0
10,1.7,7,2,0,2,0,20,5.1,4,,0
7,5.5,7,5,0,0,0,14,9.6,3,2.14,1
14,2.5,4,1,0,2,0,9,3.1,2,,0
14,11.4,9,9,0,0,0,26,26,8,,0
7,5.0,1,1,0,0,0,3,3,1,,0
21,17.1,14,8,1,1,0,70,37.5,3,2.56,1
10,3.3,12,4,1,2,0,35,10.3,6,,1
7,0.4,2,0,0,0,1,3,0.2,1,0.62,0
14,9.4,17,7,0,2,3,50,21.4,4,3.69,1
7,5.0,8,6,0,0,0,24,18.1,8,4.91,0
14,5.6,27,8,10,8,10,54,15.8,8,6.01,0
14,9.4,18,11,0,2,1,54,31.8,4,,1
21,0.3,2,0,0,0,0,10,0.1,1,,0
21,13.1,27,19,0,1,0,82,57.7,6,3.4,1
7,2.6,9,4,0,0,4,26,12.7,3,,0
14,5.7,65,21,9,7,7,130,42.5,8,9.46,1
14,2.4,14,2,0,0,0,43,6.5,4,2.89,1
7,3.9,12,5,2,0,0,24,9.8,4,3.56,1
14,12.6,10,7,1,0,1,29,21.2,4,,1
14,0.2,2,0,0,0,0,12,0.2,1,0.9,0
21,9.3,15,5,0,8,3,45,13.9,3,,1
21,13.3,16,13,0,2,2,48,37.9,8,5.06,0
14,10.8,22,20,0,0,0,43,38.8,7,,0
7,0.4,6,0,2,0,0,12,0.9,6,,0
14,4.9,9,3,1,1,2,43,16.2,5,3.14,0
21,15.8,9,7,0,0,1,27,20.4,3,1.98,0
14,1.9,2,0,1,0,1,7,0.5,1,0.36,1
14,5.9,14,6,1,1,2,69,27.5,7,6.53,1
14,1.3,23,3,1,4,3,68,8.5,8,,0
21,17.6,24,18,0,1,1,73,55.3,6,,1
7,0.2,25,1,7,3,0,76,2.0,8,10.41,0
14,9.1,15,9,1,3,1,46,27.7,6,3.84,1
21,19.5,3,3,0,0,0,15,15,1,,0
14,10.0,17,17,0,0,0,50,50,4,4.88,0
14,4.7,2,1,0,1,1,7,2.4,1,0.57,1
21,8.7,18,8,1,2,1,37,16.1,3,2.4,0
14,0.6,40,1,1,16,5,119,3.5,7,7.69,1
7,5.0,3,2,0,1,0,6,4.9,2,1.13,0
14,5.2,21,7,3,1,3,107,35.0,6,7.13,1
14,8.8,12,11,0,0,0,24,21.6,4,1.59,0
10,0.7,3,0,0,1,1,9,1.2,3,1.45,0
14,7.7,13,4,3,2,4,40,12.6,8,,1
10,7.5,2,2,0,0,0,6,5.5,1,0.63,0
21,18.6,48,42,2,4,1,97,84.1,7,,1
21,15.0,6,3,0,0,2,31,17.7,2,1.36,1
7,0.0,3,0,1,0,0,14,0.0,4,2.51,1
7,5.7,14,14,0,0,0,27,27,6,,0
21,1.0,28,1,6,9,1,140,4.2,8,5.61,0
21,17.5,32,19,0,5,0,64,37.6,7,2.51,1
21,13.9,19,9,1,1,1,58,26.4,2,2.73,1
7,2.0,25,12,0,1,1,50,23.5,8,11.56,0
7,4.4,3,2,0,0,1,8,5.4,3,1.54,0
21,15.8,10,4,0,1,4,51,20.2,6,,1
14,10.8,20,20,0,0,0,40,39.8,8,4.02,0
14,10.2,14,14,0,0,0,27,27,4,3.54,0
10,3.2,18,7,3,2,0,37,14.8,4,3.31,0
7,3.2,7,2,0,1,0,22,7.7,6,,1
10,5.1,1,1,0,0,0,3,1.7,1,,0
7,5.4,2,2,0,0,0,8,8,2,2.18,0
14,0.1,35,0,5,8,10,173,0.7,8,9.65,1
21,12.4,13,5,1,1,8,39,15.6,2,1.79,1
14,13.0,4,4,0,0,0,20,20,3,2.11,0
21,17.1,12,10,0,0,0,35,29.4,4,1.54,0
10,9.0,7,7,0,0,0,22,22,5,,0
10,2.4,12,3,2,2,0,59,14.7,5,6.99,1
14,2.0,2,0,0,1,0,7,0.9,1,,1
7,0.4,8,0,0,0,2,38,1.6,8,4.21,1
21,18.9,13,13,0,0,0,39,39,6,3.3,0
7,5.5,2,2,0,0,0,6,4.5,1,1.15,0
14,0.5,24,1,9,2,6,73,1.6,7,,1
14,10.8,7,7,0,0,0,21,21,6,2.31,0
7,3.5,10,4,1,0,6,21,9.0,4,4.19,1
21,9.4,12,9,0,0,0,25,18.0,4,2.26,0
14,1.5,11,1,1,1,1,32,3.6,1,2.02,1
7,5.6,5,5,0,0,0,16,16,5,,0
14,9.3,16,8,1,2,1,33,16.2,2,1.62,1
7,3.0,3,2,0,0,0,8,4.7,2,1.96,0
14,11.0,8,4,1,2,1,40,20.6,4,3.47,1
10,2.9,7,2,0,0,1,35,11.4,8,6.0,0
14,12.5,14,13,0,0,1,27,26.0,2,2.43,0
14,0.3,8,0,0,1,0,41,0.6,4,,1
14,5.5,6,2,0,0,0,32,13.0,3,2.24,0
21,11.9,5,4,0,1,0,26,18.5,4,1.39,0
14,6.1,6,3,0,0,1,29,12.5,3,2.26,1
21,11.9,8,3,0,1,0,42,15.9,3,1.9,1
21,6.4,8,2,2,2,0,41,10.7,3,2.07,0
14,9.0,16,7,1,2,0,80,36.3,6,5.68,1
14,10.0,44,44,0,0,0,88,88,7,8.32,0
14,6.7,18,9,3,3,1,54,28.4,4,5.94,0
21,17.9,6,4,0,0,0,29,17.1,2,1.23,1
14,11.9,18,18,0,0,0,37,37,3,,0
7,1.3,8,3,2,0,1,17,5.7,8,5.16,0
14,0.6,2,0,0,0,0,9,0.6,2,1.12,0
21,1.4,41,2,0,13,14,123,6.2,6,5.07,1
10,2.9,1,0,0,0,0,4,1.0,1,,0
14,11.4,21,14,0,1,1,64,43.0,7,4.26,1
14,11.6,16,12,0,1,0,48,37.0,5,3.42,1
10,7.4,26,26,0,0,0,53,53,4,,0
21,3.6,48,7,0,3,9,144,20.2,7,7.43,0
21,14.6,32,25,0,5,4,65,49.9,5,,1
21,0.8,29,1,1,13,3,87,2.4,7,,1
7,0.5,1,0,0,1,0,3,0.2,1,0.75,0
10,0.1,19,0,2,2,1,38,0.4,8,5.93,1
14,7.6,4,3,0,0,1,12,7.8,2,1.08,0
14,8.0,27,24,0,0,0,54,48.3,6,,0
10,0.9,5,0,2,3,1,23,1.0,3,,1
14,6.8,8,6,0,1,0,17,12.2,3,,0
14,6.9,13,6,0,0,5,66,29.5,6,,1
21,14.1,20,13,1,1,0,61,38.8,3,3.23,0
7,3.2,7,2,1,0,1,14,4.1,3,,1
14,7.0,22,12,1,0,1,45,24.9,4,,0
14,11.0,11,9,0,0,0,33,26.0,4,,0
21,2.5,28,4,5,1,6,56,8.1,3,,0
7,2.1,13,4,0,0,0,39,13.4,5,7.22,0
7,0.4,3,0,0,0,0,15,1.0,4,,1
10,0.5,14,1,0,4,3,29,1.5,6,2.81,1
14,0.5,30,1,1,4,4,59,1.4,8,3.79,1
10,4.0,2,2,0,0,0,4,3.4,1,,0
7,2.8,6,4,0,0,0,19,12.6,7,4.47,0
14,8.2,17,6,3,2,1,85,29.5,8,7.79,1
14,3.8,11,4,1,1,0,32,11.9,6,,0
14,3.9,19,4,4,3,1,57,12.0,6,,1
14,5.4,24,6,7,3,1,72,18.8,6,4.98,1
14,5.3,4,2,0,0,0,18,11.2,4,2.44,0
21,2.0,6,0,3,1,1,17,1.1,1,0.77,1
7,1.6,1,0,0,0,0,3,0.3,1,0.26,1
14,10.4,3,3,0,0,0,17,17,2,,0
14,9.6,2,1,0,0,0,6,2.9,1,0.37,1
7,3.4,2,1,0,0,0,6,3.8,2,1.48,0
14,2.2,15,3,1,0,3,73,15.2,8,7.07,0
21,18.0,14,14,0,0,0,28,28,5,1.73,0
10,8.6,10,9,1,0,0,29,25.7,7,4.28,1
10,0.9,2,0,0,0,1,12,1.2,2,1.41,0
7,6.2,2,2,0,0,0,4,4,1,0.83,0
21,15.7,29,20,0,3,0,88,59.9,6,5.33,1
21,15.1,3,3,0,0,0,9,9,3,0.68,0
7,1.3,2,0,2,1,0,12,2.7,7,2.87,1
10,1.2,8,1,0,0,1,25,4.6,6,5.04,0
14,7.2,2,2,0,0,0,4,4,1,0.49,0
21,5.8,50,11,3,16,1,99,21.5,8,4.78,1
14,10.3,15,15,0,0,0,44,44,7,,0
14,4.8,15,8,0,1,1,44,22.4,6,,0
7,2.0,3,1,0,0,0,13,3.0,3,2.01,1
7,5.6,5,3,0,1,2,25,13.3,5,,1
14,10.0,10,10,0,0,0,29,29,3,,0
10,5.7,20,10,2,1,1,39,20.1,6,,1
7,2.7,15,6,0,1,0,45,18.1,8,8.08,0
14,7.0,3,1,0,0,0,10,4.1,1,0.97,1
14,5.5,22,9,0,6,0,65,25.9,6,,1
14,10.5,6,5,0,1,1,28,21.2,4,,1
10,9.5,4,4,0,0,0,12,10.9,3,1.14,1
14,8.5,5,2,1,2,0,24,9.7,3,,1
10,6.1,26,13,0,2,1,77,39.9,3,,1
10,0.1,1,0,0,0,0,3,0.0,1,0.4,0
14,2.4,31,4,0,2,2,156,20.9,8,,1
7,5.8,1,1,0,0,0,3,1.9,1,0.49,1
21,13.7,8,8,0,0,0,38,38,6,,0
14,5.5,19,11,1,1,1,57,32.6,7,,0
10,0.5,10,0,0,0,0,31,1.5,6,,0
7,2.6,4,2,0,0,0,22,12.6,3,4.07,0
14,1.0,10,1,0,2,0,20,1.4,2,,0
14,5.3,16,7,0,1,2,78,33.9,8,6.13,0
14,8.9,4,2,0,0,2,12,5.5,1,,1
14,9.0,16,7,2,1,1,81,36.2,6,3.9,1
7,2.8,6,2,0,2,0,17,4.7,2,1.92,1
21,19.3,4,4,0,0,0,11,11,2,,0
14,2.9,6,1,0,0,0,11,2.1,2,1.02,0
21,4.2,13,2,0,3,0,26,3.4,3,1.15,1
7,5.7,4,4,0,0,0,21,21,2,,0
10,0.6,17,0,3,8,2,84,2.1,8,6.77,1
14,8.3,8,6,1,0,1,17,11.8,2,1.44,0
14,4.2,7,2,1,1,0,21,5.8,2,,1
14,4.0,3,1,1,0,0,10,2.1,1,0.55,1
14,11.5,11,7,0,2,2,33,20.0,3,2.45,1
14,9.4,5,5,0,0,0,27,27,6,3.82,0
14,2.5,9,2,1,1,0,26,6.1,3,2.72,0
14,3.6,7,2,0,1,0,14,3.5,1,1.26,0
21,0.8,20,1,4,3,1,61,1.9,2,2.5,1
21,13.0,13,5,0,5,1,39,14.8,2,1.86,1
7,6.3,3,3,0,0,0,14,14,5,,0
14,10.9,1,1,0,0,0,4,4,1,,0
10,4.9,5,2,1,0,0,10,3.6,2,1.09,1
14,1.4,7,1,0,1,0,22,2.1,5,1.6,0
21,3.2,21,4,4,3,2,106,17.7,7,,1
10,6.5,4,4,0,0,0,12,12,2,1.87,0
10,0.1,16,0,3,2,0,47,0.3,7,6.47,1
14,5.7,7,5,2,1,0,14,10.4,1,,0
14,4.1,4,2,0,1,1,7,3.4,2,,0
10,4.2,11,4,0,0,0,33,12.6,6,,0
7,3.2,11,7,1,0,1,32,21.8,8,7.93,0
14,2.8,2,0,1,1,1,6,0.5,1,,1
7,6.0,2,1,0,0,0,10,6.9,2,1.59,1
14,11.9,18,18,0,0,0,53,53,8,5.48,0
21,8.5,6,4,1,0,0,32,19.4,5,,0
10,7.1,20,15,0,0,1,39,28.6,8,4.33,0
10,7.4,2,2,0,0,0,5,5,1,,0
21,8.1,46,11,4,11,23,91,22.2,4,4.84,1
7,4.7,5,3,1,0,0,25,14.0,5,,1
7,6.3,4,4,0,0,0,20,20,8,4.37,0
14,11.6,5,4,0,0,0,23,17.1,2,1.37,1
21,18.8,3,3,0,0,0,13,13,3,,0
14,9.2,13,12,0,0,0,38,36.3,3,3.07,0
7,6.3,4,4,0,0,0,19,19,8,,0
14,9.5,60,44,0,3,7,121,88.0,7,,1
14,6.4,19,5,8,2,0,58,14.7,5,2.9,1
10,8.4,4,4,0,0,0,12,11.8,3,1.44,0
14,10.2,10,10,0,0,0,20,20,6,,0
7,4.0,5,2,0,0,2,16,7.4,2,2.97,1
10,7.8,14,13,0,0,0,29,27.3,6,3.62,0
14,0.5,3,0,0,0,1,10,0.2,1,0.61,1
21,6.0,4,1,2,0,0,8,1.5,1,0.28,1
7,0.0,2,0,0,0,0,7,0.0,3,1.66,0
14,4.9,8,3,1,1,0,17,6.8,4,2.66,0
10,5.7,10,10,0,0,0,21,20.0,5,4.04,0
21,17.1,3,3,0,0,0,9,9,1,,0
21,4.1,6,1,0,2,1,13,2.4,1,0.66,0
7,5.8,7,7,0,0,0,22,22,5,3.81,0
14,7.7,26,17,0,4,0,51,33.1,7,4.02,0
7,0.2,14,0,3,1,3,27,0.9,4,,1
10,7.7,7,7,0,0,0,35,32.7,6,,0
14,7.4,2,1,0,0,1,11,4.2,2,0.77,1
10,9.2,2,1,1,0,0,11,7.0,1,1.1,1
21,14.3,19,11,0,2,0,93,55.2,3,4.23,1
14,5.8,9,5,0,1,0,27,16.2,5,3.04,0
14,2.7,1,0,1,1,0,5,0.5,1,0.35,1
14,6.3,1,0,0,0,0,4,1.4,1,,0
14,3.6,12,3,1,6,1,35,8.1,3,,1
14,11.5,28,24,1,1,1,84,72.7,7,6.84,1
21,12.7,22,14,1,1,0,66,40.6,5,4.15,0
7,5.6,2,1,0,1,1,12,7.0,4,,1
7,6.5,7,7,0,0,0,22,22,5,3.3,0
10,7.2,5,2,0,1,0,16,7.0,3,1.59,1
14,5.0,7,1,0,1,0,35,6.7,3,,1
7,4.3,9,4,1,1,0,27,13.5,8,,1
7,5.0,1,1,0,0,0,6,4.3,1,0.81,1
14,7.6,9,8,0,0,0,26,23.5,8,3.19,0
21,0.4,24,1,0,11,1,49,1.1,5,1.9,1
21,2.7,7,1,0,0,1,20,2.8,1,0.82,0
14,5.5,13,8,1,1,0,39,24.8,6,5.18,0
14,11.3,3,3,0,0,0,9,9,2,1.16,0
14,0.8,34,2,7,2,2,68,3.1,6,4.3,1
7,0.6,6,1,2,0,2,13,1.2,5,1.66,1
14,11.4,1,1,0,0,0,4,3.8,1,0.55,0
14,6.9,17,8,2,2,0,50,23.6,6,4.56,1
10,4.2,9,2,0,2,0,45,9.0,6,3.89,1
21,0.5,12,0,0,7,2,24,0.5,3,1.09,1
10,0.2,9,0,0,1,0,18,0.3,3,,0
14,12.7,6,5,0,0,1,17,15.3,5,1.93,0
7,5.4,9,9,0,0,0,28,26.7,5,3.63,0
10,0.8,3,0,1,2,1,10,0.7,1,1.04,1
7,4.0,1,0,0,0,0,3,1.4,1,0.4,1
14,7.8,12,8,0,0,0,37,23.8,4,,0
14,8.7,13,6,1,1,6,26,11.8,3,2.43,1
14,7.6,42,29,0,1,3,84,58.2,8,,0
10,0.5,6,0,3,1,2,30,1.2,5,2.26,1
21,4.6,12,3,0,3,0,36,9.4,7,,0
14,0.2,19,0,9,1,1,56,0.6,5,4.13,1
7,6.1,13,8,1,1,2,39,23.8,7,6.22,1
14,6.8,7,2,1,2,0,21,5.0,2,1.38,1
14,4.8,23,17,0,1,1,68,49.5,6,6.55,0
7,1.9,2,1,1,1,0,5,1.5,2,1.07,1
14,7.0,31,16,2,0,0,62,31.6,6,5.12,0
14,1.5,22,2,6,12,5,66,5.4,7,5.09,1
14,12.7,10,10,0,0,0,29,29,3,3.28,0
7,5.3,9,6,0,1,3,26,18.0,8,5.29,1
7,4.1,1,1,0,0,0,3,1.8,1,,0
14,3.5,1,0,0,0,0,4,0.9,1,,0
7,0.9,11,2,1,0,0,22,5.0,8,5.95,0
14,2.5,7,1,1,2,0,35,6.7,6,,1
7,5.9,4,4,0,0,0,8,8,3,1.63,0
7,0.1,3,0,0,1,2,8,0.1,3,1.06,1
14,0.9,22,2,0,8,0,45,3.7,6,,0
21,8.1,25,12,3,7,0,75,37.4,4,4.27,0
7,1.8,15,2,0,3,5,45,6.5,8,,0
7,1.7,1,0,0,0,0,3,0.9,1,0.49,0
7,1.1,18,2,3,3,4,36,3.7,8,4.94,1
21,18.2,9,7,0,0,0,44,34.5,3,2.1,1
21,0.2,2,0,0,1,0,9,0.1,1,,1
7,6.2,18,12,0,0,0,36,24.0,5,4.45,1
10,6.7,1,1,0,0,0,7,4.2,2,0.77,0
21,13.3,8,7,0,1,0,24,20.6,4,1.74,0
21,5.7,4,1,0,1,0,18,4.0,1,0.91,0
10,2.9,1,0,0,0,0,6,2.5,2,1.19,0
10,1.1,36,4,6,9,2,73,8.2,8,8.38,1
14,6.1,5,2,0,0,0,16,6.7,2,,0
7,6.0,8,4,1,2,0,25,11.2,6,3.27,1
10,2.5,3,1,0,1,1,13,6.0,3,,0
10,9.1,24,14,0,2,0,72,41.7,7,7.18,1
14,3.1,16,3,0,3,0,32,5.5,6,2.22,0
7,0.9,2,0,1,0,1,6,0.9,1,,1
21,13.6,34,29,0,0,0,103,86.6,8,,0
14,5.3,7,2,0,2,0,22,7.5,3,1.91,1
21,7.8,48,25,7,6,6,144,74.9,8,7.39,0
14,7.3,23,14,1,3,2,68,42.7,6,4.57,1
7,5.0,2,1,0,0,0,5,2.2,1,0.54,1
21,13.8,13,6,3,1,1,40,18.6,2,2.06,1
14,4.0,3,2,0,1,0,14,7.2,2,1.43,0
7,1.1,15,2,1,0,0,30,3.5,7,,1
7,4.7,5,3,1,1,0,27,13.8,4,,1
14,0.9,5,1,0,3,0,16,2.2,7,,0
14,7.9,18,7,3,2,1,37,14.5,4,2.39,1
10,8.5,3,3,0,0,0,16,16,4,2.38,0
10,2.0,3,1,0,0,0,9,2.6,2,,0
14,10.4,13,13,0,0,0,40,40,5,4.69,0
14,10.5,16,16,0,0,0,33,33,3,5.07,0
14,6.7,1,1,0,0,0,6,3.4,1,0.51,0
14,8.2,6,6,0,0,0,32,32,5,4.34,0
14,12.1,4,2,1,0,0,13,7.9,1,,1
21,13.5,16,16,0,0,0,33,33,5,2.99,0
10,0.7,2,0,1,2,0,10,0.7,3,1.37,1
10,8.5,14,13,0,0,0,43,38.8,4,5.73,0
7,6.0,8,8,0,0,0,23,23,3,3.37,0
14,2.7,20,4,4,6,5,99,18.2,8,,0
14,8.7,35,14,0,4,8,70,27.6,7,4.58,1
10,9.0,7,7,0,0,0,21,21,3,1.89,0
14,6.2,5,4,0,1,0,23,18.3,6,3.05,0
21,2.8,10,2,0,6,4,30,5.7,5,2.1,0
14,11.4,13,10,0,0,0,40,29.6,3,3.09,1
7,5.2,5,5,0,0,0,27,26.6,6,,0
7,4.8,2,2,0,0,0,4,3.2,1,,0
14,3.4,8,3,1,2,0,17,6.9,6,2.63,0
7,4.8,11,9,0,0,0,34,27.0,5,7.11,0
14,13.0,14,14,0,0,0,29,29,4,3.59,0
7,3.1,2,1,0,0,0,7,3.2,2,1.45,0
7,0.3,6,0,0,1,0,18,0.8,3,2.79,0
10,9.4,2,1,0,1,0,7,4.0,1,0.61,1
14,5.4,17,7,0,6,1,34,14.4,5,,0
21,9.5,51,17,3,7,5,154,51.0,7,,1
14,6.7,8,4,1,1,1,39,17.4,6,3.08,0
7,1.5,7,1,0,2,0,14,2.4,6,1.74,1
14,6.3,2,1,0,0,0,11,6.4,1,0.81,0
14,12.4,15,10,0,2,0,46,31.3,4,,1
7,4.2,6,4,0,1,0,28,18.8,8,5.15,0
14,13.1,15,13,0,0,0,45,40.1,7,3.63,1
7,1.5,1,0,0,0,0,4,0.9,1,1.03,0
14,0.5,3,0,1,1,0,14,0.4,3,1.29,1
10,7.6,9,5,0,0,0,43,23.2,6,3.86,1
10,6.2,20,12,0,0,1,59,34.3,6,9.26,0
10,7.2,3,3,0,0,0,9,9,1,,0
10,4.9,28,10,2,9,0,56,19.3,6,,1
21,11.7,9,6,1,2,1,27,16.9,3,1.57,1
14,1.6,4,1,0,2,0,7,1.2,1,,0
21,6.3,10,4,0,0,3,52,18.2,4,3.39,0
14,3.9,14,4,0,1,2,72,19.5,6,4.43,0
10,5.4,21,13,1,0,6,64,38.6,7,6.99,0
14,5.9,15,11,0,0,0,45,32.3,6,6.18,0
14,8.1,48,15,5,4,6,145,45.5,7,8.75,1
21,9.5,34,12,2,7,0,69,24.0,8,,1
7,4.7,4,2,0,0,0,11,6.5,3,1.27,1
7,3.7,6,6,0,0,0,31,31,8,8.48,0
14,7.8,2,1,0,1,1,12,7.8,2,0.87,1
14,5.0,11,3,2,0,0,56,15.9,5,4.48,1
14,10.5,27,11,0,8,2,82,32.1,7,4.5,1
10,3.4,7,2,3,2,0,21,6.0,3,,1
21,8.0,52,19,1,3,3,105,37.7,6,,1
14,11.2,4,4,0,0,0,12,12,2,,0
7,1.6,6,2,1,1,2,19,6.2,6,4.28,0
14,5.5,8,2,0,3,0,24,5.4,3,1.65,1
14,2.5,10,2,0,2,0,29,4.8,5,,0
14,6.6,5,3,0,0,1,14,7.2,1,1.4,0
14,10.1,15,14,0,1,0,45,42.8,4,,0
7,0.8,4,0,0,0,1,8,0.9,5,,0
10,7.3,11,11,0,0,0,34,33.8,4,,0
14,0.9,33,2,1,9,7,98,4.7,7,,1
21,19.1,44,33,0,0,4,133,100.5,6,5.65,1
14,6.3,4,2,1,0,0,7,3.0,1,0.53,1
10,1.3,2,0,0,1,1,7,1.0,1,1.19,0
14,12.4,7,4,2,0,0,22,14.1,2,1.42,1
14,6.3,32,15,0,9,0,96,46.0,4,6.19,1
10,8.7,44,44,0,0,0,89,89,8,,0
21,8.8,24,11,6,5,0,72,32.7,7,5.52,0
14,11.0,7,5,0,0,0,14,10.6,2,2.21,0
21,5.4,12,5,0,1,1,37,15.3,6,2.93,0
21,3.0,3,0,1,1,0,17,2.7,2,,0
21,4.6,29,7,4,6,3,87,21.3,7,,1
21,6.9,60,13,10,12,3,120,26.5,5,4.77,1
21,9.2,22,12,1,1,0,65,36.4,8,3.31,0
7,2.8,2,1,0,0,0,6,2.6,3,1.06,0
7,0.8,4,1,0,0,0,12,2.1,4,2.3,0
10,7.3,4,2,0,0,0,11,5.4,2,,1
21,16.0,36,12,1,5,12,181,60.3,7,7.98,1
14,5.9,12,4,3,2,0,62,22.3,6,5.41,1
14,5.9,20,9,2,0,0,39,16.7,4,2.38,0
10,3.3,10,4,0,1,0,29,12.7,5,3.8,1
7,3.8,12,9,1,0,0,24,17.1,7,5.21,0
14,9.0,9,4,2,1,2,44,21.9,6,3.54,1
14,4.1,5,3,0,0,0,24,13.6,4,,0
10,2.5,9,2,1,0,1,27,5.9,3,2.37,0
10,0.3,3,0,0,0,0,8,0.3,2,0.99,1
21,4.2,5,1,1,2,0,25,3.1,1,,1
21,13.4,23,15,0,2,2,70,47.0,5,3.6,0
7,3.7,6,4,0,1,1,19,13.0,4,3.37,1
10,7.1,1,1,0,0,0,4,4,2,,0
7,5.6,4,4,0,0,0,20,20,7,3.74,0
14,8.1,6,4,0,0,0,29,19.7,5,,0
10,7.0,14,5,5,2,0,42,16.2,8,4.77,1
14,2.3,6,1,0,1,0,18,3.0,3,1.77,0
10,5.1,4,2,0,0,0,19,9.2,2,,1
14,11.1,4,4,0,0,0,7,7,1,0.54,0
7,2.1,12,3,1,5,0,24,5.4,4,4.18,1
10,5.6,6,5,1,0,0,18,15.0,4,,0
14,11.6,10,9,0,0,0,31,28.6,5,,0
14,10.1,50,50,0,0,0,99,99,6,7.99,0
10,6.4,1,1,0,0,0,4,2.1,1,0.41,0
7,6.6,11,11,0,0,0,34,34,7,4.86,0
14,2.9,2,0,0,0,0,6,1.5,1,,0
14,0.8,19,1,0,0,0,56,2.7,6,4.78,0
7,4.7,7,4,0,1,1,22,12.1,6,2.97,1
14,13.3,43,43,0,0,0,86,86,6,5.69,0
10,2.1,3,1,0,0,0,9,2.3,2,1.29,0
14,1.6,17,1,4,6,0,85,5.4,8,4.94,1
7,3.4,4,4,0,0,0,13,13,3,3.64,0
14,3.1,6,3,0,1,0,18,10.4,6,2.57,0
21,18.6,2,2,0,0,0,7,6.7,1,0.48,0
14,9.5,12,7,3,1,3,24,14.7,2,1.39,1
14,7.1,13,6,2,1,0,38,17.3,4,3.71,1
14,7.8,6,3,1,0,0,28,16.1,7,,0
14,8.9,2,2,0,0,0,11,8.4,2,0.97,0
7,1.3,17,4,0,0,1,34,7.5,8,7.76,0
10,0.8,12,1,0,0,0,58,2.7,6,5.5,0
14,6.6,1,1,0,0,0,5,4.1,1,0.71,0
14,11.6,20,19,0,0,0,60,55.6,6,6.0,0
14,1.9,5,1,0,0,2,16,2.4,5,1.42,0
7,3.1,10,5,0,1,0,19,9.2,6,2.91,1
7,2.3,2,1,0,0,0,5,2.0,1,,0
7,2.3,13,5,0,2,2,38,13.5,5,5.31,1
10,4.6,11,5,1,0,1,54,26.3,7,4.89,1
14,5.8,15,8,1,0,0,46,23.2,7,4.58,0
7,5.9,1,1,0,0,0,6,4.9,2,1.27,0
7,1.3,4,1,0,0,0,18,6.1,5,5.47,0
14,6.6,22,8,5,4,0,44,15.9,3,,1
7,6.6,4,4,0,0,0,9,8.4,1,,1
10,1.7,5,1,0,0,0,14,2.5,3,1.65,0
14,4.4,23,5,0,0,6,69,14.0,7,3.99,1
14,9.5,2,2,0,0,0,12,12,2,1.31,0
14,5.3,14,4,0,2,1,70,20.4,3,4.15,1
14,0.1,20,0,1,2,4,59,0.8,8,,0
14,8.5,6,5,0,0,0,18,14.1,4,1.89,0
14,1.5,1,0,0,1,0,4,0.4,1,,0
7,0.2,1,0,0,1,0,4,0.1,1,,0
14,10.1,31,18,3,2,0,62,35.3,7,,1
14,0.9,40,2,3,8,1,81,3.4,7,4.69,1
14,11.6,2,2,0,0,0,6,5.0,1,0.5,0
21,4.1,27,6,1,6,0,80,17.7,6,3.82,1
10,4.0,17,8,3,1,0,50,24.3,6,6.64,0
14,7.1,6,2,0,0,3,11,2.8,1,0.71,1
10,8.8,20,14,0,2,0,59,42.1,8,4.33,1
21,13.9,3,2,0,0,0,10,7.8,1,0.83,0
7,3.6,9,9,0,0,0,18,18,6,,0
7,4.6,8,3,1,2,0,25,10.7,4,2.7,1
10,4.5,2,1,0,0,0,7,1.8,2,0.85,0
7,6.3,7,7,0,0,0,36,36,8,5.56,0
21,19.5,2,2,0,0,0,6,6,1,,0
7,3.1,2,1,0,0,0,3,1.0,1,0.45,1
10,2.3,4,1,0,1,1,13,2.5,2,0.93,1
10,0.0,14,0,1,3,1,41,0.0,7,,1
10,6.5,3,2,0,1,0,10,7.3,2,1.65,0
21,18.7,38,26,1,3,2,77,52.5,3,2.75,1
7,2.4,2,1,0,0,0,7,2.4,2,0.85,0
7,2.0,2,1,0,0,0,3,1.7,1,1.04,0
10,0.6,16,1,2,4,0,32,1.4,4,,1
14,9.7,9,4,0,2,0,27,11.1,5,2.36,1
21,9.0,92,25,0,21,2,184,49.9,6,5.87,1
14,11.2,14,7,2,0,1,72,37.6,5,4.57,1
14,4.2,8,3,0,3,0,40,15.2,8,4.08,0
21,3.9,46,10,1,8,2,92,19.2,6,,0
7,2.5,4,3,0,1,0,13,8.6,7,3.7,0
14,1.9,5,0,3,1,2,25,2.0,2,,1
7,0.5,7,0,0,2,0,20,1.1,3,,0
14,3.0,6,1,2,3,1,17,1.5,2,1.11,1
7,4.3,14,9,2,1,0,43,27.1,7,6.39,1
10,1.9,6,1,2,3,1,19,4.0,4,3.31,1
10,2.6,2,1,0,0,1,3,0.9,1,,1
14,6.9,20,6,4,3,2,60,18.2,4,,1
14,2.9,3,1,0,1,0,17,6.4,4,2.08,0
21,2.8,28,3,0,9,0,56,6.7,4,3.29,0
14,7.3,5,3,0,0,2,23,12.2,3,,1
10,2.2,9,2,1,0,0,26,5.4,2,3.07,1
7,6.4,12,12,0,0,0,37,37,7,6.08,0
21,2.2,7,1,0,0,0,35,2.8,3,1.51,1
14,1.7,32,3,4,1,5,65,7.0,5,,0
14,5.1,18,8,0,1,0,37,15.8,6,3.13,0
10,6.6,37,21,0,1,0,110,63.5,6,11.5,1
21,6.2,47,9,0,1,4,94,17.5,7,,1
14,5.1,3,1,1,1,1,10,4.3,2,,0
21,19.3,10,9,0,1,0,48,44.7,5,2.24,1
21,9.8,24,13,0,1,0,71,37.3,3,3.89,0
14,13.2,33,27,1,0,0,100,82.8,8,,1
21,16.3,12,11,0,0,1,35,31.3,6,2.91,0
10,3.8,1,1,0,0,0,6,3.8,1,,0
14,8.0,6,6,0,0,0,28,26.2,5,3.1,0
7,6.1,4,3,0,0,0,9,6.9,2,,1
21,8.4,4,2,0,1,0,8,3.4,1,0.58,0
21,3.2,4,0,0,0,0,13,1.2,1,0.75,0
10,8.5,7,5,1,1,0,37,26.2,8,3.41,1
21,1.4,13,1,0,0,1,26,2.0,4,,0
14,9.8,22,12,3,2,5,66,37.4,6,,1
14,7.2,17,11,0,3,2,51,33.1,8,3.93,0
14,10.4,25,19,0,1,0,50,38.5,7,3.4,1
14,8.8,18,9,0,0,0,37,17.5,4,2.74,1
7,1.0,7,1,0,3,0,22,2.3,7,3.7,1
7,3.4,4,2,0,0,1,19,8.6,5,,0
7,5.8,6,3,0,1,0,17,8.7,3,1.8,1
14,1.5,2,0,0,0,1,7,0.6,1,0.48,1
7,1.9,13,2,3,2,0,26,5.0,8,3.75,1
14,7.8,7,4,1,1,0,20,12.4,4,1.71,1
21,8.5,9,5,0,1,0,28,15.6,4,,0
7,4.5,18,10,0,0,0,54,29.8,6,7.0,1
14,2.7,7,2,0,0,0,20,6.1,3,,0
21,14.7,70,50,1,0,1,141,100.5,8,6.33,0
21,16.3,7,7,0,0,0,34,34,3,3.02,0
14,2.8,1,0,1,1,0,7,1.4,1,0.62,1
10,8.4,8,6,0,0,0,24,19.2,6,2.75,1
10,2.8,2,1,0,0,1,5,1.4,1,,0
10,1.6,13,1,2,4,1,40,3.8,8,,1
14,2.7,8,2,0,0,1,25,7.5,5,2.58,0
14,6.7,10,6,0,0,0,50,31.6,6,4.8,0
14,2.0,48,7,5,6,8,95,13.7,8,6.68,0
14,9.3,2,1,0,1,0,10,5.6,2,0.61,1
21,19.9,31,31,0,0,0,92,92,5,4.25,0
10,1.8,16,2,0,0,0,48,4.8,7,3.71,0
10,6.4,10,4,1,0,0,30,13.3,5,3.35,1
14,4.4,6,2,3,0,0,31,11.5,5,3.98,1
21,15.4,19,19,0,0,0,56,56,6,,0
14,10.7,15,10,0,0,2,73,50.8,5,,1
14,1.5,19,3,1,1,3,56,9.8,6,,0
21,10.3,8,5,0,1,0,40,25.5,6,4.01,0
21,6.8,56,10,8,16,20,112,20.7,7,5.14,1
14,3.4,13,3,0,2,1,38,10.1,4,,1
21,6.8,32,9,3,1,7,65,17.3,6,3.85,1
21,9.4,17,9,0,0,1,85,43.7,6,,1
7,4.2,4,3,0,1,1,12,8.2,4,,1
7,2.8,3,1,1,1,0,15,6.3,6,3.24,1
10,2.5,7,2,3,1,0,14,4.7,2,2.34,1
7,4.6,4,2,0,1,1,8,4.7,3,1.33,1
14,0.2,8,0,2,0,4,42,0.4,6,2.91,1
14,10.6,7,7,0,0,0,20,20,4,2.23,0
7,3.7,17,10,0,1,0,34,19.4,8,4.47,1
10,7.5,3,2,0,0,0,16,10.9,6,2.28,0
14,6.5,2,1,1,0,0,7,3.6,1,,1
7,3.4,10,4,0,3,1,31,12.0,8,5.02,1
10,1.5,10,2,1,0,0,29,6.2,6,4.67,0
14,0.8,16,1,0,6,0,47,4.2,6,,0
21,4.6,23,4,0,3,1,114,21.6,7,,1
10,5.5,10,4,0,2,1,52,21.1,3,,1
10,5.6,7,4,1,1,0,21,12.8,4,1.89,0
10,1.3,3,0,0,0,0,14,2.1,4,,0
10,8.3,10,10,0,0,0,29,29,6,4.86,0
7,1.8,6,2,2,0,1,18,6.5,6,,1
14,5.6,1,1,0,0,0,5,2.7,1,,0
14,7.5,18,13,0,0,0,55,40.7,7,3.82,0
21,18.7,11,9,0,0,1,33,26.3,3,,1
14,11.4,10,10,0,0,0,19,19,4,,0
14,4.2,30,11,0,1,0,61,22.5,6,,1
10,8.6,3,3,0,0,0,10,10,3,2.17,0
10,1.8,12,2,4,5,2,35,5.0,8,5.17,1
7,5.9,1,1,0,0,0,3,2.0,1,,1
14,7.4,14,7,0,2,2,29,14.7,3,1.98,1
14,11.3,11,11,0,0,0,56,56,4,,0
14,10.1,9,5,0,1,1,44,24.5,6,3.14,1
21,10.9,50,25,4,0,0,151,74.8,8,,0
7,6.0,3,2,0,0,1,10,6.1,2,1.4,1
10,9.4,11,8,0,0,1,57,43.7,8,6.37,1
7,2.1,4,1,0,0,0,13,3.7,5,,0
14,12.6,2,1,0,1,0,7,4.5,1,,1
14,11.6,40,27,1,0,1,80,54.7,6,4.35,1
10,8.6,21,20,0,0,0,42,40.2,8,,0
21,4.5,24,4,3,5,1,73,13.0,8,3.39,1
10,6.1,2,1,0,1,0,7,3.6,1,,1
14,12.5,8,8,0,0,0,23,23,3,,0
14,11.5,8,8,0,0,0,39,39,4,3.34,0
14,11.7,14,10,0,0,1,43,31.0,4,4.29,1
14,11.3,3,2,0,0,0,8,5.8,1,0.63,1
14,9.9,24,13,0,2,1,71,39.6,8,4.07,1
10,5.8,10,5,2,3,0,19,9.3,7,2.23,1
21,9.5,16,5,1,3,0,48,15.3,4,,0
14,6.0,5,2,0,0,1,15,6.7,2,1.12,0
14,11.1,11,11,0,0,0,34,34,7,3.97,0
14,10.6,2,1,0,0,0,7,4.2,1,0.47,1
21,19.5,9,9,0,0,0,43,43,6,1.98,0
10,8.1,13,10,0,0,2,40,30.2,4,3.17,1
7,1.0,4,1,0,1,0,7,2.2,6,2.49,0
21,2.1,19,1,5,1,9,94,6.6,8,,1
10,9.3,10,10,0,0,0,30,30,8,5.99,0
21,4.1,9,2,0,2,2,45,10.7,8,,0
7,1.1,13,2,0,3,1,40,6.5,6,6.08,1
10,0.4,12,1,0,2,0,35,2.8,8,7.9,0
14,7.3,21,9,2,3,5,103,43.9,6,6.04,1
21,5.1,23,7,0,13,1,115,32.7,6,6.46,0
14,12.9,7,6,0,1,0,14,11.7,2,1.34,1
7,0.5,48,3,4,10,0,97,5.1,5,,1
14,4.0,4,1,0,0,1,11,3.4,1,1.2,0
14,12.4,8,8,0,0,0,16,15.1,3,2.03,0
14,2.7,14,2,1,0,3,72,9.7,7,4.39,1
14,6.4,16,9,0,0,0,48,25.7,8,,0
14,7.5,11,4,0,1,2,22,8.8,1,1.18,1
14,8.4,23,14,1,2,0,70,42.9,6,4.62,1
14,0.9,17,1,1,3,1,50,4.2,5,4.21,0
10,1.2,5,0,0,0,0,14,1.4,1,,1
7,0.2,17,0,3,3,6,34,1.0,7,5.53,0
10,6.6,7,6,0,0,0,20,18.4,3,2.68,0
14,4.8,13,3,0,5,0,65,13.7,8,,0
14,12.9,2,2,0,0,0,5,5,1,0.56,0
14,5.4,10,3,1,2,0,30,8.4,2,2.14,1
21,13.7,22,9,1,7,0,66,26.7,6,,1
14,2.6,2,0,0,0,1,5,1.0,1,0.47,0
7,4.5,6,5,0,0,0,18,14.2,8,2.72,0
14,3.9,10,3,1,1,0,49,14.2,4,2.9,1
21,10.5,23,14,0,3,2,68,42.8,4,4.89,0
14,10.5,23,20,0,1,0,70,60.1,7,5.32,0
14,2.7,22,4,0,9,8,65,10.7,6,,1
21,5.5,20,5,0,1,4,98,22.9,6,4.72,0
14,1.0,16,1,1,4,0,31,2.1,6,3.02,1
14,9.0,6,4,0,2,1,17,12.4,3,,0
7,5.6,5,4,0,0,1,14,11.1,6,,1
10,1.1,2,0,0,0,0,6,1.4,3,1.19,0
21,13.0,43,19,8,3,2,129,57.2,7,,1
7,5.7,4,4,0,0,0,22,22,6,,0
14,1.7,22,2,4,2,3,43,4.5,6,3.12,1
10,5.9,6,2,0,1,1,29,10.3,6,2.79,1
7,4.9,6,4,0,0,0,18,12.9,5,3.29,0
21,5.9,29,8,0,6,0,147,40.4,4,6.06,1
14,3.4,7,1,2,1,0,21,3.5,2,1.14,1
7,1.0,4,1,0,0,0,21,3.3,5,2.97,0
10,1.5,3,1,0,1,0,13,3.0,3,2.62,0
14,8.9,29,14,1,2,0,86,41.6,6,5.24,1
14,10.5,9,9,0,0,0,43,43,7,6.38,0
7,5.2,2,2,0,0,0,7,6.3,1,0.99,0
7,2.5,7,4,0,2,0,21,11.6,5,4.75,0
10,2.8,12,3,1,2,1,24,5.8,3,,1
7,3.3,8,3,0,0,1,24,10.0,6,3.96,1
14,3.5,37,15,3,6,4,74,29.6,6,,0
21,16.4,21,21,0,0,0,63,63,7,6.02,0
10,3.4,32,11,4,4,7,63,22.6,7,6.68,1
21,13.2,19,19,0,0,0,93,93,7,7.94,0
14,3.4,45,11,3,2,0,90,21.7,7,6.02,1
7,6.4,1,1,0,0,0,3,3,1,,0
14,3.5,2,0,0,0,0,10,2.4,2,0.92,0
10,6.1,25,15,0,1,0,50,29.2,8,6.85,0
21,6.8,31,11,1,0,8,93,32.9,8,6.24,0
7,2.8,2,1,1,0,0,5,1.9,2,1.04,1
14,3.8,13,4,0,1,1,64,21.6,7,5.13,0
21,19.5,43,27,0,1,0,86,54.6,6,3.8,1
10,0.4,8,0,0,0,1,23,0.8,3,,1
14,7.4,12,8,0,2,3,25,15.9,6,2.93,0
14,12.0,5,5,0,0,0,10,9.8,1,0.78,0
14,11.7,20,16,0,0,0,60,48.9,6,4.81,1
7,6.4,4,2,0,0,1,21,10.9,7,2.88,1
10,8.0,6,4,0,0,0,12,7.5,2,,1
21,11.7,36,24,0,1,0,108,71.0,7,4.95,0
14,11.3,10,10,0,0,0,21,21,4,,0
21,3.7,58,6,0,7,12,117,12.4,4,3.83,1
21,12.9,8,5,0,1,0,23,14.1,2,1.62,0
14,8.2,8,4,0,2,0,39,19.4,5,2.18,0
21,3.6,17,2,0,1,9,51,6.8,4,2.27,0
14,4.0,3,1,1,0,0,9,2.0,1,0.88,0
21,19.3,6,5,0,0,0,30,26.9,2,,1
21,19.5,12,11,0,0,0,58,52.6,3,3.23,1
21,8.4,9,8,0,0,0,46,41.3,5,3.19,0
21,14.5,41,16,2,5,0,122,47.8,7,5.11,1
21,1.0,38,2,0,0,0,115,7.4,8,5.19,0
10,7.3,19,18,0,0,0,38,36.0,6,,0
14,6.3,12,6,0,0,0,62,28.9,8,4.56,0
7,3.5,4,1,2,3,0,13,4.8,4,,1
14,0.7,19,1,3,13,5,38,2.8,5,3.97,0
14,11.9,1,1,0,0,0,6,6,1,,0
10,4.5,7,4,0,0,0,34,18.8,6,6.31,0
14,9.3,22,13,0,1,0,43,24.8,3,3.19,1
21,9.5,12,4,3,2,0,24,7.7,2,,1
7,6.3,3,3,0,0,0,16,16,5,3.15,0
14,5.4,11,4,0,0,2,56,18.3,7,3.46,1
7,3.5,9,3,1,0,2,27,7.7,4,,1
21,11.8,45,19,3,0,1,134,56.9,6,,1
10,0.7,5,0,0,0,0,15,1.2,4,,0
21,16.7,58,32,9,4,3,175,96.2,8,,1
14,11.7,8,7,0,1,0,24,20.7,3,1.78,0
10,1.9,7,1,0,0,0,14,2.5,3,2.16,0
14,12.4,17,12,0,1,1,83,58.4,8,6.1,1
21,14.8,22,15,3,1,0,65,43.2,8,2.92,1
14,10.0,8,5,0,2,0,17,10.3,2,1.36,1
10,0.1,3,0,0,1,0,9,0.1,1,,1
21,12.7,6,2,0,2,0,17,5.0,1,,1
21,13.5,49,23,1,5,8,146,69.1,8,,1
14,2.6,16,4,2,4,1,49,12.3,7,,0
21,18.5,5,3,1,1,0,16,10.0,1,,1
10,4.6,14,6,0,0,1,27,12.2,6,2.68,0
14,9.2,10,8,0,1,0,30,24.8,4,2.37,0
14,9.7,4,3,0,0,0,8,5.5,1,,0
14,1.7,27,4,3,3,9,82,11.8,7,10.57,0
10,7.4,11,6,0,0,2,34,20.0,2,3.13,1
14,2.3,32,9,1,2,1,65,19.2,8,,0
10,3.3,18,11,1,0,0,37,23.1,8,7.22,0
7,1.6,10,2,1,2,1,21,4.8,3,,0
7,0.7,3,0,0,0,0,8,0.8,1,1.14,1
14,5.6,3,2,0,0,0,9,5.2,1,,0
21,10.5,18,6,0,5,8,88,31.3,7,4.91,1
21,3.1,9,2,1,2,0,18,3.3,2,,0
21,13.4,16,10,0,1,0,31,19.9,4,,1
7,4.6,3,1,0,0,0,16,6.6,5,2.24,1
14,3.8,13,2,0,0,5,26,4.5,2,,1
14,11.1,3,3,0,0,0,10,10,1,1.42,0
21,14.9,64,26,4,9,21,127,52.2,8,4.21,1
21,12.4,34,22,2,4,1,67,43.8,8,5.15,0
14,3.7,40,14,2,11,3,81,29.1,8,,0
10,1.5,12,1,5,1,2,23,2.8,6,3.18,1
21,12.1,38,17,0,8,1,114,50.5,8,,1
14,1.4,2,0,0,0,1,11,1.4,1,,0
14,1.0,4,0,1,0,0,20,1.1,2,,0
14,10.6,16,11,1,0,2,49,32.5,8,4.09,1
14,11.1,38,30,3,1,0,75,60.0,7,,1
14,13.0,18,10,0,2,1,36,20.9,3,2.02,1
14,8.6,38,15,6,4,2,113,45.3,8,6.88,1
10,0.6,4,0,0,1,0,7,0.5,3,1.02,0
14,5.7,5,2,0,2,0,16,5.4,2,1.24,1
21,17.8,16,13,2,1,0,49,40.5,4,,0
7,3.7,6,6,0,0,0,13,13,5,2.45,0
14,5.1,13,7,0,2,0,64,36.5,7,,0
7,3.9,10,5,1,1,0,29,15.6,5,4.32,1
7,2.6,8,4,0,1,0,25,11.8,5,4.5,0
14,7.2,18,12,0,4,0,55,35.6,8,8.01,0
14,10.9,7,5,0,2,0,21,14.8,4,,1
10,0.5,7,0,0,1,0,20,1.2,3,,0
14,4.2,3,1,0,0,0,15,5.6,2,1.4,0
21,4.2,12,6,0,1,0,60,29.5,6,,0
7,5.7,5,5,0,0,0,16,16,3,3.88,0
14,13.1,12,12,0,0,0,37,37,8,5.07,0
10,7.5,18,16,0,0,1,37,33.4,6,5.02,0
7,5.2,2,1,0,1,0,7,3.7,1,,1
10,5.7,9,4,0,0,1,28,11.3,6,3.63,0
10,0.6,2,0,0,0,0,6,0.7,1,0.81,0
14,0.9,4,0,0,0,2,20,2.0,3,2.08,1
14,5.4,5,2,0,1,0,14,5.3,3,,0
10,1.2,10,1,1,0,1,29,4.3,5,3.47,1
14,7.7,5,3,0,1,0,25,15.0,3,2.14,0
14,2.1,7,2,0,0,0,22,5.7,5,,0
21,12.2,5,2,1,2,1,23,8.1,2,1.22,1
10,2.0,3,0,0,0,0,10,1.4,1,0.84,0
10,3.1,53,8,3,27,6,106,16.2,8,8.84,1
10,8.8,4,2,0,1,1,12,7.5,2,0.95,1
10,4.4,16,8,0,3,0,47,22.2,8,7.45,0
14,12.8,9,8,0,0,0,45,37.5,7,2.93,1
14,12.3,20,20,0,0,0,41,41,7,4.34,0
7,5.8,5,4,1,0,1,25,18.7,5,4.2,1
21,0.0,30,0,3,0,2,90,0.0,7,4.88,0
14,6.0,25,10,4,0,8,50,20.8,6,5.72,0
10,1.9,4,1,0,2,0,19,4.0,3,2.72,0
10,1.1,30,4,1,3,1,60,8.8,8,7.07,1
14,2.2,68,10,1,10,4,136,20.8,8,11.13,1
7,4.8,2,2,0,0,0,8,8,2,2.14,0
10,2.9,14,5,1,0,3,29,9.9,8,3.83,0
7,0.5,12,1,0,1,2,25,1.3,3,2.74,1
10,4.0,11,4,2,0,2,22,8.3,3,2.0,1
21,13.6,43,23,2,4,4,128,67.3,7,,1
14,10.2,5,5,0,0,0,10,10,2,1.08,0
7,0.1,11,0,3,1,7,22,0.4,7,5.38,0
14,8.8,11,9,0,0,0,32,26.4,7,,0
21,12.7,18,15,0,3,1,53,43.5,6,3.48,0
14,3.9,1,0,0,0,0,4,2.0,1,0.56,0
14,10.7,3,3,0,0,0,8,8,2,0.89,0
21,15.4,45,40,0,0,2,134,120.3,8,5.2,0
14,11.4,6,6,0,0,0,12,12,2,1.21,0
10,5.1,1,1,0,0,0,4,2.5,1,,0
21,9.7,8,3,1,1,1,16,5.4,3,0.76,1
14,12.9,5,5,0,0,0,14,14,4,1.79,0
21,1.7,35,3,2,1,5,104,8.2,6,5.99,0
10,8.2,4,4,0,0,0,20,20,4,3.79,0
21,6.5,10,4,1,0,0,30,11.2,5,,0
7,1.1,1,0,0,0,1,4,1.1,2,1.17,0
7,3.6,10,4,1,1,0,19,8.2,7,,1
14,10.1,22,11,0,1,1,112,54.4,6,6.94,1
14,5.6,8,3,0,1,1,24,10.0,2,2.44,0
7,2.2,8,2,0,3,1,17,3.5,6,,1
7,5.4,4,4,0,0,0,8,8,3,1.94,0
14,8.3,39,15,9,8,9,78,29.6,6,6.25,1
7,4.9,13,13,0,0,0,26,26,6,6.23,0
14,12.7,25,25,0,0,0,50,50,7,,0
7,6.1,7,7,0,0,0,21,21,8,4.43,0
7,5.8,6,6,0,0,0,19,19,8,2.76,0
7,6.4,4,3,0,0,0,19,15.2,4,2.86,1
14,7.9,20,9,1,4,1,60,27.3,6,,1
14,2.7,6,1,2,2,0,13,1.7,2,,1
21,13.9,36,31,0,0,0,109,93.2,7,,0
14,8.2,10,4,3,3,0,29,12.9,4,1.92,1
14,3.9,3,1,0,0,0,10,3.0,2,,0
14,11.5,12,7,0,0,2,24,13.3,4,,1
14,0.0,11,0,3,0,1,55,0.0,6,3.78,1
14,1.1,17,2,1,8,1,51,6.8,8,,0
14,0.3,4,0,0,1,0,22,0.9,5,3.73,0
10,9.4,26,17,1,1,1,77,51.8,7,7.13,1
14,2.8,6,2,0,2,0,18,5.3,6,,1
14,1.5,24,2,1,6,4,48,3.0,3,3.41,1
14,3.2,23,6,3,5,7,46,12.3,7,5.41,0
7,5.2,6,5,0,0,0,17,14.8,4,2.44,0
21,13.0,27,27,0,0,0,82,82,6,,0
7,0.5,6,0,1,0,0,12,0.6,1,,1
10,6.6,5,5,0,0,0,15,15,4,,0
7,0.8,5,1,1,0,0,10,1.1,3,2.07,1
14,12.2,36,36,0,0,0,73,73,5,8.3,0
14,6.3,14,3,0,1,2,43,10.3,6,,1
10,8.8,42,34,0,0,1,85,69.2,7,6.96,1
7,3.9,4,1,0,1,0,18,6.5,4,2.45,1
21,14.4,11,6,0,0,2,54,31.4,3,,1
10,3.7,22,7,3,4,1,44,14.0,6,3.23,1
10,0.0,22,0,5,0,2,43,0.0,5,,1
14,3.4,28,10,1,1,0,56,19.3,7,,0
21,2.3,8,1,0,2,0,41,4.2,3,,0
7,0.5,9,0,1,0,3,43,2.1,4,4.94,1
7,5.0,4,3,0,0,0,20,16.9,8,,0
7,0.1,4,0,0,0,0,19,0.4,6,3.25,0
14,4.6,17,9,1,1,2,51,27.7,6,7.0,0
14,8.9,14,8,0,2,1,71,41.0,6,5.13,1
14,3.2,26,5,3,0,9,77,13.9,6,4.2,1
10,4.4,2,1,0,0,0,7,3.7,2,0.7,0
21,17.8,54,54,0,0,0,108,108,5,,0
14,8.7,26,23,1,0,0,77,66.7,8,6.34,0
21,1.1,34,2,5,2,1,69,3.5,5,4.78,0
21,17.7,20,20,0,0,0,59,59,5,3.21,0
14,7.2,40,24,2,3,5,80,48.7,6,,1
7,3.7,5,2,1,0,2,14,5.9,3,2.04,1
14,12.9,10,8,0,0,2,30,23.5,3,2.65,1
10,0.0,1,0,0,0,0,3,0.0,1,0.41,0
14,3.2,6,1,0,3,1,18,3.2,3,,1
14,4.2,4,1,0,0,2,7,2.1,1,0.61,1
14,4.4,24,5,4,2,0,49,11.1,4,,1
14,5.6,10,6,1,2,0,30,18.8,6,4.47,0
14,1.2,23,2,2,1,0,46,4.9,3,4.28,0
10,1.8,7,1,1,0,1,22,2.5,2,1.58,1
14,5.9,4,1,1,1,0,12,4.0,1,,1
14,4.3,7,2,0,0,0,21,5.6,2,1.41,0
10,3.5,14,3,0,0,3,29,7.2,3,2.55,1
14,2.2,4,1,0,1,0,9,1.9,2,,0
14,6.7,11,4,0,0,2,56,21.3,4,,1
10,1.0,18,1,0,9,2,35,2.0,4,,0
21,8.2,46,13,2,4,2,138,39.2,8,6.3,0
7,1.9,6,1,1,0,4,19,4.6,4,2.36,1
21,4.3,4,1,0,2,3,7,1.8,1,,0
21,5.4,35,8,1,2,7,106,23.9,6,5.1,1
14,3.5,54,16,0,10,7,109,33.2,7,,1
14,13.3,12,9,1,1,0,23,17.2,2,1.34,1
21,8.2,4,1,0,0,0,11,2.5,1,,1
14,9.1,3,2,0,0,0,9,4.8,2,0.69,1
14,0.2,20,0,0,0,5,101,1.3,8,5.52,1
14,2.3,26,3,2,0,4,52,6.0,7,,1
7,1.7,4,1,1,1,0,13,3.6,4,2.48,0
14,2.7,6,1,0,2,1,29,7.0,7,,0
14,6.4,3,1,1,1,0,17,8.2,3,1.49,1
21,9.7,7,2,0,0,0,14,4.3,1,0.62,1
7,3.1,6,1,2,3,0,19,4.2,3,2.15,1
21,13.2,14,6,0,2,2,27,12.0,3,1.28,1
14,7.0,19,9,3,2,2,56,26.5,5,,1
14,9.9,23,10,1,2,0,46,20.4,3,,1
7,4.7,9,5,1,0,0,18,9.9,2,,1
14,9.7,18,7,0,0,2,36,13.7,3,2.34,1
21,13.4,39,25,1,0,1,118,76.4,8,,0
14,4.4,17,3,1,1,0,34,5.9,4,,1
21,19.8,2,2,0,0,0,12,12,2,0.67,0
14,4.6,21,4,4,4,0,62,12.5,4,,1
14,6.9,14,7,0,1,0,29,14.6,3,,0
10,7.3,6,3,0,3,0,13,6.7,2,,1
21,5.3,24,8,0,5,1,73,25.3,6,,0
14,1.6,11,1,0,3,2,57,5.7,5,4.08,1
10,4.9,7,3,0,1,1,21,8.7,3,2.46,1
21,10.5,7,2,1,3,0,21,7.2,2,1.11,1
7,4.4,12,8,0,0,0,35,22.7,6,,0
7,2.8,10,5,1,1,1,31,16.5,7,,0
14,7.9,22,9,1,2,3,66,25.9,7,,1
14,4.4,6,2,0,0,0,30,12.3,4,2.59,1
10,3.8,2,1,0,0,0,5,2.6,1,0.92,0
10,1.3,3,0,0,0,0,9,0.8,2,0.91,1
14,8.2,13,10,0,0,0,38,28.1,5,,0
21,10.3,45,29,3,6,0,135,87.3,7,7.85,0
21,19.2,30,30,0,0,0,89,89,8,7.43,0
7,2.1,2,1,0,0,1,5,1.3,1,0.67,1
10,0.9,7,1,0,2,0,21,1.7,3,2.02,1
14,11.7,15,15,0,0,0,45,45,8,4.99,0
14,5.4,8,5,0,1,0,24,15.4,3,2.91,0
14,13.1,5,4,0,0,0,16,12.6,2,1.25,1
7,2.2,12,2,3,0,1,25,4.0,5,,1
14,5.0,3,1,0,0,0,17,6.5,3,1.86,0
7,2.8,15,7,0,1,0,46,21.5,8,,0
10,4.5,15,5,0,0,3,46,15.2,8,4.11,1
7,0.4,9,0,2,2,0,18,0.7,6,,1
14,0.3,7,0,0,0,1,20,0.5,2,,0
10,5.2,12,9,0,0,1,35,26.6,6,4.49,0
14,4.0,14,3,0,2,4,41,8.5,4,2.97,1
10,9.3,5,4,0,0,0,27,22.3,2,,1
7,2.1,2,1,0,1,0,9,3.6,5,2.23,0
7,6.5,2,2,0,0,0,5,5,1,0.76,0
14,9.2,14,12,1,1,1,28,23.8,8,4.38,0
21,1.6,37,3,6,4,10,110,9.2,8,,1
21,13.6,26,23,0,0,1,130,117.1,7,,0
7,1.4,6,1,1,0,0,28,5.3,5,4.07,1
10,6.7,4,3,1,0,0,9,7.7,2,1.68,0
14,3.4,2,1,0,0,0,8,3.2,2,1.2,0
14,3.1,3,1,0,1,0,10,2.6,1,,0
21,13.3,7,5,0,1,0,22,16.2,1,,0
7,3.3,3,2,0,0,0,15,11.0,3,4.44,0
7,4.2,4,2,0,0,0,11,4.8,3,1.4,1
14,5.1,17,7,1,1,0,87,34.3,5,4.97,0
10,5.0,10,4,0,3,1,51,20.3,5,,1
14,0.0,13,0,0,8,6,40,0.0,7,2.7,1
14,10.6,6,5,0,1,0,11,8.3,3,,0
14,8.7,6,4,0,2,1,17,10.5,3,,1
14,11.7,4,4,0,0,0,19,17.8,2,,0
14,1.1,29,2,8,14,0,87,6.1,7,,1
14,9.3,5,3,1,0,1,15,10.3,2,1.15,1
7,2.9,4,2,0,0,0,12,6.3,4,2.14,0
14,10.4,9,7,1,1,0,26,19.9,7,,0
21,0.8,22,2,2,1,0,45,3.8,5,4.67,0
7,1.5,7,1,1,0,2,34,5.0,6,,0
10,4.6,21,7,2,8,0,42,14.9,8,5.18,1
7,5.6,7,7,0,0,0,20,20,6,4.81,0
14,2.5,22,6,5,9,0,66,17.3,8,,0
10,4.1,14,4,0,7,4,29,8.7,5,2.9,1
14,8.7,25,11,3,3,2,75,34.4,8,,1
7,1.7,6,2,0,1,2,17,6.0,5,3.7,1
7,5.9,9,9,0,0,0,18,18,6,3.97,0
21,19.3,49,43,3,1,0,148,128.7,6,6.73,1
21,5.5,17,4,0,1,0,87,22.4,5,4.76,1
7,6.4,2,2,0,0,0,11,11,4,1.74,0
7,2.1,11,3,0,4,0,32,7.7,7,,1
10,0.7,4,0,0,0,1,7,0.4,1,0.87,0
14,1.4,10,1,1,0,3,20,2.5,6,2.28,0
14,12.6,5,3,0,1,0,16,10.1,3,,1
7,0.4,4,0,0,2,2,7,0.4,4,1.03,1
21,17.6,43,31,3,1,1,130,93.3,8,5.16,1
7,1.3,14,2,2,1,0,42,7.5,7,6.47,1
21,15.1,28,17,1,3,1,85,50.2,6,3.45,1
14,10.3,9,5,0,2,0,45,22.6,8,,1
21,0.6,60,1,4,13,6,121,2.0,6,4.02,1
10,0.4,3,0,0,2,1,17,0.7,4,1.56,1
14,5.1,10,5,0,1,3,51,26.9,7,4.37,0
10,1.0,6,0,1,3,3,29,2.4,4,2.27,1
10,3.9,3,1,0,0,1,9,3.5,2,1.23,0
14,4.6,56,14,3,4,2,111,28.5,6,8.32,0
10,7.5,18,13,0,1,0,37,26.4,4,3.05,1
14,7.2,7,5,0,0,1,37,25.3,5,5.2,0
7,1.4,1,0,0,0,0,3,0.9,1,0.79,0
7,3.6,19,8,1,1,0,38,16.0,7,4.35,1
14,0.6,20,1,3,6,4,41,1.4,3,2.15,1
14,10.7,6,6,0,0,0,11,10.7,2,1.3,0
14,9.2,22,13,0,2,3,45,26.0,5,3.76,1
10,8.5,16,16,0,0,0,82,82,7,,0
14,11.6,3,3,0,0,0,6,6,1,0.59,0
21,18.6,4,3,0,0,0,22,19.0,2,,1
10,5.8,24,12,2,3,0,73,36.9,8,,1
7,5.1,3,3,0,0,0,14,13.0,6,,0
14,9.2,4,3,1,0,0,13,11.0,2,,0
14,5.5,14,7,0,3,0,41,19.5,7,,0
21,8.8,32,18,2,0,0,64,36.6,7,3.77,0
10,3.2,3,1,0,1,1,13,3.1,3,1.13,1
21,6.1,2,0,0,0,0,11,2.0,1,0.47,0
14,0.5,10,0,0,7,1,29,0.9,4,2.65,0
10,5.9,6,4,0,0,0,31,19.5,7,,0
21,7.1,71,20,0,0,8,212,58.3,8,8.24,0
21,6.2,22,4,3,6,3,66,12.7,6,2.12,1
21,10.3,8,3,1,1,1,39,13.9,2,,0
10,5.5,3,3,0,0,0,13,10.9,4,1.76,0
14,12.3,6,4,0,1,0,19,11.6,2,1.14,1
14,10.9,10,7,0,1,0,31,22.0,5,,0
7,2.0,13,3,0,1,1,26,6.4,5,3.58,1
14,6.3,13,5,3,4,6,40,16.9,7,,1
7,3.7,8,3,0,0,0,17,7.3,4,2.62,1
10,8.5,17,12,0,1,2,52,35.9,6,6.68,1
14,8.9,14,10,0,0,0,43,29.3,5,2.97,0
14,6.0,31,12,5,6,2,92,35.6,7,6.56,0
14,6.9,18,9,1,5,0,55,27.8,8,,0
10,2.8,2,1,0,0,1,5,1.4,1,0.86,0
10,7.9,6,6,0,0,0,11,11,4,1.91,0
7,5.2,5,5,0,0,0,14,14,3,2.25,0
14,1.3,9,1,2,0,0,28,1.8,2,1.56,0
14,12.2,2,2,0,0,0,6,6,1,,0
21,18.7,28,27,0,0,0,55,53.1,4,,0
10,2.6,3,1,0,0,1,10,3.8,2,1.89,1
14,1.2,2,0,1,0,1,3,0.3,1,0.31,1
10,4.3,1,0,0,0,0,5,1.4,1,0.53,1
14,9.4,11,10,0,0,0,56,52.2,6,,0
10,2.8,15,3,1,2,3,46,9.9,5,,1
7,1.9,8,3,0,1,0,17,5.9,8,3.85,0
10,9.0,16,11,0,0,0,33,23.7,5,3.15,1
14,1.8,1,0,1,0,0,6,0.9,1,0.64,1
10,7.9,8,8,0,0,0,38,38,8,,0
10,6.7,6,6,0,0,0,17,17,3,2.94,0
14,0.1,7,0,0,1,1,14,0.1,1,1.44,1
7,6.3,6,6,0,0,0,12,12,3,2.77,0
10,0.8,25,3,0,0,9,50,5.2,7,6.45,0
21,11.5,56,31,3,6,1,112,62.2,5,5.29,1
21,10.9,28,11,6,7,1,84,32.6,7,3.7,1
21,13.8,27,14,5,3,3,135,71.1,8,4.79,1
14,8.9,23,11,4,0,1,69,33.6,8,5.29,0
7,0.1,15,0,4,6,0,30,0.4,8,4.37,1
14,12.4,7,4,1,1,0,20,11.1,2,,1
14,9.2,18,8,7,2,1,35,15.7,5,2.38,1
14,5.6,14,10,1,0,1,42,29.0,7,,0
7,6.0,6,6,0,0,0,17,17,5,3.85,0
21,13.7,41,23,5,4,4,206,116.8,8,10.76,1
14,11.9,4,2,1,0,0,12,7.1,1,,1
14,2.6,15,2,0,10,2,45,5.1,6,3.24,1
14,2.0,27,4,4,3,0,80,10.7,8,7.01,0
10,5.8,2,2,0,0,0,12,9.6,5,,0
14,3.1,8,1,0,2,2,38,5.7,5,2.79,0
10,7.4,3,3,0,0,0,16,15.7,4,2.5,0
10,4.5,22,7,0,0,3,45,14.1,4,3.61,1
7,2.2,4,2,0,2,0,11,6.8,6,,0
7,5.9,5,5,0,0,0,15,14.7,6,3.19,0
21,5.5,6,1,0,2,0,18,2.9,1,0.92,1
14,12.2,4,3,1,0,1,21,14.3,3,1.21,1
7,5.0,5,3,0,0,0,25,15.4,7,5.31,0
7,4.3,11,4,0,3,0,34,11.2,6,3.55,1
14,3.0,18,3,4,2,1,35,5.5,6,2.72,1
14,1.1,9,1,1,1,0,26,2.4,3,,0
21,15.9,18,13,0,1,1,90,64.0,8,4.34,1
7,4.2,5,2,0,1,1,16,6.2,4,1.55,1
14,12.4,5,2,1,2,0,26,12.3,2,1.37,1
14,2.4,12,3,1,1,2,36,9.0,4,3.31,0
14,9.3,12,8,0,0,0,36,24.4,5,3.38,0
14,1.0,24,3,0,5,2,71,8.1,6,9.96,0
7,1.3,8,1,1,2,0,23,2.5,4,2.62,1
14,4.1,18,4,2,5,5,90,19.2,5,,1
14,0.3,15,0,0,4,5,45,1.3,7,,1
7,0.1,8,0,1,0,5,15,0.2,8,,1
7,0.7,2,0,1,0,1,5,0.6,2,,0
7,6.0,13,13,0,0,0,40,40,8,10.34,0
7,0.6,16,1,3,7,0,47,3.7,6,8.16,1
21,17.9,20,14,0,1,1,60,41.3,4,,1
14,0.4,13,0,2,0,5,66,1.1,4,,1
14,4.2,10,3,1,0,1,31,9.6,4,2.92,0
21,1.7,9,1,0,2,0,27,2.2,2,,1
14,3.4,8,1,0,3,2,39,7.0,5,3.24,1
14,9.2,36,18,5,0,0,71,34.6,4,3.78,1
7,0.4,5,0,0,0,1,10,0.3,2,,1
14,9.2,4,4,0,0,0,12,12,2,1.6,0
14,8.4,5,3,0,0,0,16,8.4,3,1.37,0
21,0.3,36,0,0,1,6,180,1.9,5,7.54,1
10,0.5,7,0,0,0,1,35,2.0,8,,0
14,5.7,8,3,2,1,1,40,14.4,4,,1
14,7.8,37,18,1,3,1,112,54.8,6,8.12,1
10,6.6,24,22,0,1,0,48,44.8,7,7.75,0
10,6.5,1,1,0,0,0,4,3.7,1,,0
7,5.4,5,4,0,1,0,10,8.5,6,2.04,0
21,19.6,35,26,0,2,2,105,78.4,8,5.72,1
10,9.2,3,3,0,0,0,8,8,2,,0
14,11.3,8,8,0,0,0,25,25,2,1.64,0
10,2.4,2,0,0,1,2,8,1.3,1,0.66,1
10,6.5,15,9,2,3,1,45,25.6,7,4.11,1
7,4.8,3,2,0,1,0,16,9.9,6,,1
14,5.2,12,4,0,0,1,58,20.9,8,4.39,1
14,9.5,9,6,1,1,0,44,31.3,5,,1
10,3.4,7,2,0,0,1,21,5.6,5,2.04,1
21,2.4,42,4,6,0,10,83,8.8,7,,1
14,7.9,6,4,1,0,1,17,11.8,2,,1
14,0.3,12,0,0,0,3,35,0.6,8,2.61,1
7,1.8,9,3,0,1,3,26,8.9,8,,0
7,5.3,3,3,0,0,0,13,13,3,2.94,0
10,7.2,20,12,1,5,0,40,24.4,8,,1
14,0.1,13,0,0,4,4,39,0.3,3,3.42,1
10,3.6,2,1,0,1,0,6,1.8,1,0.53,1
7,1.9,9,2,0,1,2,28,6.5,6,4.01,1
21,7.5,2,1,1,0,0,6,1.7,1,0.41,1
21,19.9,7,7,0,0,0,21,21,1,,0
7,3.6,13,5,0,0,0,38,14.8,6,,1
14,6.7,26,12,0,0,0,79,35.4,7,6.0,1
14,1.8,16,2,5,1,2,33,3.2,2,2.06,1
7,1.7,2,1,0,0,0,7,3.1,2,1.66,0
14,2.9,6,1,2,1,0,32,4.0,4,2.63,1
14,2.2,14,2,2,1,6,41,6.5,4,2.85,1
21,4.6,5,2,0,1,0,25,7.5,4,,0
14,5.8,31,8,3,7,8,94,24.0,6,5.29,1
10,7.7,14,9,0,0,1,71,45.9,8,6.8,1
21,16.2,8,6,1,0,0,25,18.8,6,,0
14,12.3,34,29,0,0,0,101,84.7,7,7.95,1
14,1.6,12,2,0,0,3,61,8.7,6,7.21,0
10,9.1,4,3,0,0,1,11,8.4,2,1.04,1
10,0.1,2,0,0,0,0,7,0.1,3,1.33,0
21,7.0,20,7,0,1,0,61,20.7,4,2.09,1
14,8.6,22,14,0,4,0,43,28.0,5,3.36,0
21,8.8,36,10,8,8,2,109,29.4,5,,1
10,8.5,19,16,0,0,1,56,48.0,5,6.11,0
14,2.6,6,1,3,2,0,29,5.3,3,2.75,1
21,10.9,57,15,4,4,3,114,30.3,6,5.34,1
21,18.0,12,7,1,4,4,61,36.6,7,4.43,1
10,4.9,2,1,1,0,0,4,1.9,1,,1
10,9.0,9,9,0,0,0,44,44,6,3.6,0
14,0.3,3,0,0,1,2,16,0.2,1,1.06,1
14,9.8,7,4,1,0,0,33,20.3,5,3.18,1
10,5.3,26,11,0,0,2,52,21.2,6,5.13,1
21,11.3,44,32,1,1,1,87,63.5,7,,0
7,2.8,12,7,0,0,0,23,13.3,6,3.72,0
14,8.2,8,5,0,0,0,23,13.2,4,2.07,0
10,7.5,4,4,0,0,0,19,17.6,2,2.53,0
14,10.2,5,3,0,0,1,14,8.6,1,0.79,1
7,1.5,2,0,0,0,0,7,0.9,2,1.15,1
7,0.4,9,0,3,0,2,18,0.7,3,1.8,1
7,4.2,2,2,0,0,0,10,8.3,3,1.73,0
7,2.4,4,2,0,0,0,12,4.8,4,1.62,0
7,5.2,1,0,0,0,0,4,1.8,1,0.49,1
10,9.1,5,5,0,0,0,16,16,3,2.35,0
14,11.6,1,1,0,0,0,4,2.8,1,0.37,1
14,2.7,19,3,1,3,3,97,17.7,7,9.0,1
14,9.7,10,7,2,1,1,21,13.7,4,1.62,1
14,3.4,30,4,1,3,9,59,8.3,5,,1
7,5.6,8,5,0,0,1,25,15.6,6,,1
21,16.0,16,14,2,0,0,49,41.8,7,4.3,0
7,2.9,4,2,0,0,1,19,10.3,8,2.98,0
7,4.6,7,5,0,1,1,14,9.5,5,3.82,1
10,1.8,6,1,1,0,0,28,5.2,5,2.66,1
10,0.7,11,1,4,5,0,54,3.9,6,8.12,1
21,6.4,54,24,4,9,0,108,47.4,8,8.26,0
10,1.2,4,1,0,1,0,21,3.1,8,2.8,0
14,7.2,23,15,0,4,0,68,44.5,5,,1
21,6.4,21,4,0,1,1,63,13.2,3,,1
14,1.3,3,0,0,0,0,14,1.9,3,1.7,0
21,11.1,3,2,0,0,0,16,9.4,2,1.16,0
14,0.0,2,0,0,0,0,11,0.0,2,,0
14,2.9,40,5,4,2,13,79,10.2,6,4.12,1
21,6.8,2,1,0,1,0,7,3.2,1,0.48,1
14,3.9,18,3,1,5,1,53,9.0,5,3.81,0
10,0.1,12,0,0,0,4,36,0.3,3,2.65,0
7,5.9,10,8,0,0,2,20,15.9,6,,1
21,15.0,18,10,0,2,2,89,48.9,6,5.25,1
14,11.4,6,4,0,0,1,18,11.4,1,1.09,1
7,0.4,22,1,7,10,0,67,2.9,8,7.82,1
21,4.7,2,1,0,0,0,5,1.6,1,,0
10,5.6,11,7,0,0,2,55,34.5,7,5.08,1
10,1.9,22,5,0,5,4,44,9.5,7,,0
21,18.0,5,5,0,0,0,26,26,4,,0
14,5.6,9,5,0,1,1,28,15.5,2,3.14,0
7,6.0,5,5,0,0,0,15,13.8,7,3.62,0
7,5.3,7,4,0,0,1,14,9.0,4,1.94,1
14,0.7,2,0,0,0,1,12,0.5,1,0.93,1
10,6.4,5,5,0,0,0,15,15,4,,0
14,0.6,35,1,5,10,5,106,2.2,8,6.59,1
21,11.9,42,15,6,3,0,84,29.1,3,3.86,1
7,5.4,15,8,1,2,1,46,24.3,8,4.84,1
21,13.1,9,8,0,0,0,28,23.6,6,2.34,0
21,15.3,41,33,0,1,0,123,100.0,7,5.8,0
7,2.4,2,1,1,1,0,4,1.3,2,0.78,1
10,8.9,4,4,0,0,0,11,11,4,1.69,0
10,7.9,6,3,0,3,2,17,9.7,2,1.91,1
14,9.6,2,2,0,0,0,9,8.7,1,0.91,0
10,3.6,2,1,0,0,0,7,2.9,2,1.11,0
10,2.2,4,1,0,0,1,11,1.9,2,,0
14,4.3,26,13,1,4,0,52,25.1,8,,0
14,0.5,20,0,0,9,5,40,0.9,3,2.46,1
10,6.1,14,7,0,2,0,41,21.4,6,4.21,1
7,2.9,7,5,0,0,0,21,16.3,8,,0
7,3.9,16,5,2,3,0,47,14.0,6,,1
7,5.7,11,11,0,0,0,34,34,8,7.11,0
7,3.8,8,3,2,1,0,24,8.9,5,,1
21,15.2,23,23,0,0,0,68,68,6,5.32,0
10,2.9,5,1,0,0,1,14,3.9,3,,0
7,3.0,6,3,0,0,0,19,8.1,7,4.2,0
14,0.8,6,0,0,3,2,18,1.2,2,,0
10,8.4,16,16,0,0,0,48,48,7,6.13,0
14,12.1,13,13,0,0,0,26,26,4,1.97,0
21,8.5,9,2,1,2,1,44,11.8,4,2.53,1
7,3.2,6,3,0,1,0,17,9.4,4,4.95,0
10,6.2,10,6,2,1,0,30,16.6,4,4.02,1
14,0.3,6,0,0,0,1,11,0.2,2,,1
14,2.6,80,10,0,35,0,160,19.0,8,8.55,1
7,1.9,6,2,0,1,0,18,4.7,5,2.28,0
14,3.9,24,9,1,7,1,48,17.3,8,7.06,0
21,0.1,44,0,2,8,18,131,0.6,8,5.86,1
14,10.4,2,1,0,1,0,5,3.5,1,0.33,1
21,15.7,10,8,0,0,0,31,24.8,2,,0
7,5.7,10,9,0,0,0,19,17.9,6,3.05,0
14,11.9,8,6,0,0,1,25,18.8,4,2.21,1
14,8.6,26,15,1,0,3,53,31.4,7,,1
21,12.9,21,15,1,2,2,42,29.3,6,,0
21,14.1,20,10,3,1,0,40,19.0,3,,1
14,9.3,2,1,0,0,0,5,3.0,1,0.37,1
14,12.7,20,20,0,0,0,40,40,4,4.96,0
14,2.6,16,2,5,0,0,49,6.7,3,,1
7,4.4,2,1,0,0,0,10,4.4,2,1.33,1
14,3.8,17,4,0,5,1,51,11.2,5,3.78,1
14,12.5,9,7,0,0,0,27,20.7,2,1.46,1
14,6.5,4,2,0,0,1,22,12.3,3,2.59,0
10,7.1,6,4,0,0,1,19,11.2,2,1.98,1
7,6.4,12,8,0,4,0,37,25.3,8,3.9,1
14,8.4,14,12,0,0,0,27,23.6,4,2.74,0
21,10.9,28,13,2,4,2,57,27.2,3,2.32,1
21,3.2,36,7,0,14,0,107,22.2,7,,0
14,3.0,7,2,0,4,0,37,11.2,8,3.76,0
14,1.3,17,2,1,5,0,84,8.2,8,8.49,0
21,17.4,22,20,0,1,0,43,38.2,4,4.11,0
14,3.9,14,3,1,2,0,42,9.4,3,2.13,1
21,12.9,16,7,2,0,1,79,33.9,5,3.25,1
14,8.8,1,1,0,0,0,7,6.7,1,0.78,0
21,10.7,27,8,3,0,6,80,22.7,6,3.85,1
14,0.2,2,0,0,1,0,4,0.1,1,0.4,0
10,1.6,2,0,0,0,1,5,1.1,2,0.66,0
21,17.1,13,13,0,0,0,63,63,5,4.15,0
14,5.2,35,14,1,2,3,70,27.1,8,4.86,1
21,11.3,48,22,3,12,8,144,67.2,5,6.88,1
21,10.6,5,3,0,1,0,14,8.4,2,0.93,0
10,2.5,11,4,1,1,1,34,11.9,8,6.37,0
7,4.2,5,4,0,1,0,16,12.0,6,4.42,0
10,2.7,13,6,4,1,1,26,12.7,5,4.27,0
21,0.5,8,0,0,2,2,38,0.7,4,,0
14,6.3,5,3,0,1,0,10,5.5,2,0.78,0
21,14.7,19,10,2,0,0,97,51.3,3,,1
14,10.3,3,3,0,0,0,13,12.2,2,,0
14,9.7,4,2,0,0,0,22,11.7,2,1.87,1
10,7.5,3,3,0,0,0,17,15.2,4,2.51,0
14,5.6,11,4,0,0,3,22,7.5,4,1.72,1
7,5.5,16,13,0,1,0,31,25.8,7,,1
7,2.2,2,1,0,1,0,6,1.7,2,0.71,1
14,12.8,3,3,0,0,0,8,8,2,0.99,0
21,11.5,29,28,0,0,0,58,56.3,6,5.28,0
10,0.0,16,0,0,6,2,48,0.0,8,4.73,0
7,3.9,11,6,1,0,0,32,16.1,8,6.51,0
21,14.4,13,11,0,1,1,40,32.9,5,2.73,0
7,4.7,4,2,0,0,0,19,8.1,3,,1
14,3.7,11,5,2,1,0,32,14.6,4,,0
7,1.4,1,0,0,0,0,6,2.0,3,1.2,0
14,4.1,21,9,3,3,2,42,18.5,8,,0
14,8.8,4,3,0,0,0,11,7.4,1,0.96,0
7,2.3,32,6,9,1,8,65,11.2,7,,1
10,8.1,6,4,0,0,0,13,7.6,2,,1
14,8.6,6,5,0,0,0,19,14.7,2,,0
10,8.5,6,6,0,0,0,17,17,5,2.32,0
14,1.3,13,1,0,1,2,39,1.9,5,2.44,1
14,12.7,4,4,0,0,0,8,8,1,,0
14,7.8,25,8,0,8,9,75,23.1,8,,1
14,0.7,11,1,0,5,0,22,1.1,2,2.18,0
10,7.6,1,1,0,0,0,4,2.9,1,0.45,1
21,11.2,28,22,2,5,0,55,42.9,7,,0
10,3.0,14,4,1,3,0,29,8.1,7,,1
7,5.2,5,4,1,0,0,26,19.0,8,3.71,1
21,12.2,20,7,6,6,1,100,34.0,6,4.76,1
10,8.2,12,11,0,1,0,24,22.4,5,3.43,0
21,13.1,20,8,0,0,0,41,16.5,3,1.82,1
10,1.3,4,1,0,1,0,20,2.9,4,2.08,1
14,9.7,13,9,0,1,2,40,27.3,4,2.64,1
21,1.3,15,2,0,2,2,45,5.1,5,2.92,0
21,9.6,14,7,1,1,0,41,19.4,4,,1
14,1.3,18,2,0,7,0,35,3.9,7,,0
7,3.1,6,2,0,2,1,19,7.5,5,2.7,0
14,6.1,5,1,0,0,0,23,5.4,2,,1
21,18.9,5,5,0,0,0,14,14,1,,0
10,8.3,17,14,0,1,0,50,42.3,8,4.01,1
7,5.7,11,5,4,3,0,34,14.7,6,4.0,1
14,9.8,19,19,0,0,0,57,57,7,5.06,0
10,6.5,7,4,0,2,1,22,12.9,5,3.15,0
21,0.4,19,1,2,1,11,56,1.7,7,5.22,0
14,2.1,2,0,0,0,0,5,0.9,1,,0
14,6.4,22,7,0,4,6,43,13.1,3,2.92,1
10,0.2,2,0,0,0,0,9,0.1,2,0.82,0
14,5.5,48,11,1,7,1,95,21.5,5,6.38,1
10,7.9,6,6,0,0,0,19,19,3,,0
14,1.9,14,2,1,3,5,72,10.1,5,5.49,1
7,1.9,5,2,1,1,0,16,4.9,3,,1
14,8.1,11,6,0,1,3,34,18.5,6,,1
14,0.9,8,1,1,0,0,39,2.9,6,2.21,1
7,2.3,5,2,0,1,0,15,7.0,5,,0
14,0.8,15,0,1,1,0,75,2.5,6,,1
21,8.9,8,5,2,0,0,24,15.2,3,1.4,0
14,7.5,8,6,0,0,2,23,15.9,4,3.47,0
7,6.6,2,2,0,0,0,10,8.7,2,1.7,1
7,2.8,11,3,1,1,2,34,9.2,7,3.13,1
21,14.5,21,20,1,0,1,64,61.9,5,,0
14,0.8,4,0,0,0,0,7,0.6,1,0.72,0
10,1.5,9,1,0,2,0,46,6.4,7,5.97,0
10,7.4,2,2,0,0,0,7,7,2,1.39,0
21,13.4,19,14,2,1,0,38,28.0,3,2.13,0
14,11.1,10,6,0,1,0,52,31.2,4,4.19,1
10,0.9,3,0,0,0,0,16,1.2,2,1.3,1
7,3.4,4,2,2,1,0,21,11.4,5,2.67,1
10,6.4,21,8,0,5,0,64,25.4,6,6.56,1
14,12.7,7,7,0,0,0,20,20,4,2.15,0
10,5.1,11,7,0,2,0,32,20.0,5,,0
10,3.8,5,1,1,2,0,25,6.6,8,2.67,1
21,15.6,18,18,0,0,0,36,36,5,2.54,0
14,12.8,10,10,0,0,0,31,31,6,,0
14,1.4,4,1,0,1,1,8,1.2,1,0.93,0
14,0.5,14,0,3,5,3,43,1.0,4,3.56,1
14,0.0,24,0,6,4,1,47,0.0,8,,0
10,2.0,13,4,0,3,1,39,12.5,8,5.82,0
21,9.1,26,10,0,2,4,130,51.9,7,,1
14,8.3,4,3,0,0,0,9,7.0,2,1.01,0
7,6.4,4,3,0,0,0,11,8.5,2,1.41,1
21,11.3,65,26,13,0,0,130,51.6,5,4.2,1
7,4.0,8,4,0,1,1,23,12.4,7,4.88,0
7,5.3,7,7,0,0,0,21,19.9,8,5.07,0
14,2.7,17,2,2,2,3,50,6.5,4,,1
14,9.0,44,30,1,7,4,87,59.1,5,4.45,0
14,5.6,26,17,0,3,3,78,50.4,7,7.29,0
7,4.9,1,1,0,0,0,4,3.4,1,0.82,0
14,8.1,3,2,0,0,0,16,10.0,2,1.49,0
14,11.2,14,12,0,0,0,71,58.4,3,5.05,0
7,1.0,4,0,0,4,0,22,2.5,4,2.96,0
14,8.0,24,11,4,2,0,48,22.3,2,3.33,1
14,10.5,3,2,0,0,0,9,4.7,1,0.53,1
10,2.6,17,4,1,3,3,51,11.0,5,,1
14,6.7,16,13,0,2,0,49,40.4,6,5.27,0
14,11.3,21,15,1,0,1,62,45.7,7,,1
10,0.8,3,0,1,0,0,8,0.5,1,0.85,1
14,9.1,2,2,0,0,0,5,5,1,0.65,0
7,1.4,2,0,1,1,0,5,0.8,2,,1
7,5.5,3,3,0,0,0,15,13.1,5,3.67,0
10,4.0,8,3,0,0,1,39,13.9,5,3.56,1
21,0.9,11,1,6,3,1,34,1.8,6,,0
10,0.9,12,1,0,3,0,25,2.6,5,2.7,0
10,2.4,13,1,0,3,1,40,4.5,3,,1
14,11.1,8,7,0,0,0,23,19.9,4,2.39,0
21,8.2,5,2,1,1,1,27,8.9,2,1.26,1
14,13.3,30,15,7,1,0,59,29.1,4,3.9,1
21,6.8,68,18,0,12,22,135,36.2,8,,1
7,6.1,1,1,0,0,0,3,1.8,1,0.52,1
14,8.9,13,9,0,0,0,38,26.8,6,3.56,0
7,4.5,3,3,0,0,0,8,7.3,4,,0
10,0.4,10,0,0,7,2,20,0.9,3,1.54,1
21,10.5,12,5,0,3,1,60,25.2,8,2.61,1
